key,filename,timestamp,csv_time,peak_sample,start_sample,snr_db,peak_amp,crest_factor,template_corr
0,0.wav,1773845546.685801,1.3032,15172,10762,31.7,0.010468,20.36,1.000
0,1.wav,1773845547.473813,2.0912,49473,45063,40.3,0.026245,21.80,1.000
0,2.wav,1773845548.278145,2.8956,85189,80779,37.6,0.018646,20.92,1.000
0,3.wav,1773845549.105386,3.7228,121631,117221,38.2,0.022034,19.47,1.000
0,4.wav,1773845549.898235,4.5157,156713,152303,36.9,0.018921,18.76,1.000
0,5.wav,1773845550.69694,5.3144,191967,187557,37.1,0.019836,19.07,1.000
0,6.wav,1773845551.49129,6.1087,226933,222523,36.7,0.020477,19.12,1.000
0,7.wav,1773845552.302096,6.9195,262735,258325,37.1,0.021179,18.55,1.000
0,8.wav,1773845553.120051,7.7375,298876,294466,36.5,0.019043,18.18,1.000
0,9.wav,1773845553.917735,8.5352,333786,329376,37.7,0.021820,19.93,1.000
0,10.wav,1773845554.702111,9.3195,368477,364067,38.6,0.023254,20.09,1.000
0,11.wav,1773845555.528618,10.1460,404941,400531,36.1,0.019165,19.36,1.000
0,12.wav,1773845556.38216,10.9996,442583,438173,36.7,0.018311,20.35,1.000
0,13.wav,1773845557.129774,11.7472,475712,471302,35.5,0.017120,22.34,1.000
0,14.wav,1773845558.047391,12.6648,516057,511647,38.0,0.022156,19.54,1.000
0,15.wav,1773845558.772259,13.3897,547940,543530,38.2,0.021027,19.90,1.000
0,16.wav,1773845559.547308,14.1647,582154,577744,38.0,0.021088,20.65,1.000
0,17.wav,1773845560.368695,14.9861,618361,613951,35.2,0.018311,18.97,1.000
0,18.wav,1773845561.247938,15.8654,657195,652785,38.0,0.024048,20.30,1.000
0,19.wav,1773845562.093683,16.7111,694573,690163,36.2,0.018494,21.29,1.000
0,20.wav,1773845562.933435,17.5508,731500,727090,37.8,0.021637,17.97,0.879
0,21.wav,1773845563.763983,18.3814,768189,763779,38.0,0.021729,18.48,0.944
0,22.wav,1773845564.57204,19.1895,803829,799419,37.0,0.018951,20.93,0.859
0,23.wav,1773845565.422133,20.0395,841446,837036,35.4,0.017242,17.81,0.847
0,24.wav,1773845566.25635,20.8738,878065,873655,35.4,0.016449,21.04,0.838
0,25.wav,1773845567.038324,21.6557,912630,908220,35.1,0.017212,19.32,0.916
0,26.wav,1773845567.745722,22.3631,943908,939498,33.8,0.014252,23.44,0.806
0,27.wav,1773845568.550266,23.1677,979752,975342,35.1,0.016663,18.62,0.906
0,28.wav,1773845569.33804,23.9555,1014421,1010011,34.5,0.015747,19.57,0.891
0,29.wav,1773845570.072258,24.6897,1046884,1042474,34.7,0.014954,18.93,0.855
0,30.wav,1773845570.890418,25.5078,1082836,1078426,36.5,0.017517,21.12,0.804
0,31.wav,1773845571.715337,26.3328,1119123,1114713,36.5,0.017456,21.06,0.915
0,32.wav,1773845572.533554,27.1510,1155152,1150742,36.1,0.017151,21.59,0.912
0,33.wav,1773845573.340095,27.9575,1190899,1186489,35.0,0.014679,18.95,0.814
0,34.wav,1773845574.112306,28.7297,1224859,1220449,35.8,0.016144,20.88,0.878
0,35.wav,1773845574.941271,29.5587,1261409,1256999,36.9,0.018036,23.11,0.874
0,36.wav,1773845575.746273,30.3637,1296958,1292548,35.7,0.015533,21.32,0.808
0,37.wav,1773845576.553557,31.1710,1332454,1328044,35.8,0.016205,21.57,0.888
0,38.wav,1773845577.325563,31.9430,1366735,1362325,33.8,0.012451,19.85,0.916
0,39.wav,1773845578.098239,32.7157,1400912,1396502,32.4,0.011475,18.08,0.853
0,40.wav,1773845578.90679,33.5242,1436726,1432316,33.8,0.014252,17.84,0.653
0,41.wav,1773845579.71873,34.3361,1472539,1468129,32.2,0.011902,17.68,0.582
0,42.wav,1773845580.513546,35.1310,1507502,1503092,35.0,0.014648,19.36,0.715
0,43.wav,1773845581.335405,35.9528,1543422,1539012,36.5,0.018555,18.44,0.896
0,44.wav,1773845582.06648,36.6839,1575327,1570917,36.9,0.050659,24.70,0.784
0,45.wav,1773845582.908519,37.5259,1612357,1607947,37.5,0.056213,29.94,0.671
0,46.wav,1773845583.700988,38.3184,1648086,1643676,34.1,0.013031,17.25,0.906
0,47.wav,1773845584.492197,39.1096,1683031,1678621,34.5,0.013702,17.36,0.640
0,48.wav,1773845585.303525,39.9209,1718568,1714158,32.3,0.011688,17.85,0.805
0,49.wav,1773845586.0995,40.7169,1753111,1748701,37.0,0.050568,26.26,0.760
0,50.wav,1773845586.947695,41.5651,1790571,1786161,36.5,0.050873,26.46,0.783
0,51.wav,1773845587.76549,42.3829,1827093,1822683,32.8,0.013580,19.22,0.898
0,52.wav,1773845588.570729,43.1881,1862463,1858053,35.2,0.016479,18.29,0.849
0,53.wav,1773845589.383508,44.0009,1898700,1894290,33.8,0.013245,17.79,0.677
0,54.wav,1773845590.15359,44.7710,1932468,1928058,35.5,0.015900,18.67,0.712
0,55.wav,1773845591.018797,45.6362,1970768,1966358,35.7,0.016327,18.78,0.714
0,56.wav,1773845591.816703,46.4341,2006029,2001619,34.5,0.014435,19.04,0.712
0,57.wav,1773845592.643447,47.2609,2042422,2038012,34.4,0.014618,18.35,0.703
0,58.wav,1773845593.433522,48.0509,2077120,2072710,34.6,0.014557,19.41,0.920
0,59.wav,1773845594.190955,48.8084,2110455,2106045,35.1,0.016052,19.91,0.896
0,60.wav,1773845595.078479,49.6959,2149738,2145328,33.7,0.013184,19.89,0.712
0,61.wav,1773845595.79112,50.4085,2180821,2176411,34.6,0.014801,22.12,0.919
0,62.wav,1773845596.597064,51.2145,2216393,2211983,36.4,0.017792,21.51,0.918
0,63.wav,1773845597.380786,51.9982,2250825,2246415,37.4,0.019592,14.64,0.874
0,64.wav,1773845598.143458,52.7609,2284768,2280358,34.4,0.014252,19.54,0.889
0,65.wav,1773845598.900523,53.5179,2318224,2313814,35.6,0.016541,20.19,0.686
0,66.wav,1773845599.677606,54.2950,2352367,2347957,37.4,0.019775,20.58,0.694
0,67.wav,1773845600.497215,55.1146,2388421,2384011,36.4,0.018433,20.93,0.898
0,68.wav,1773845601.275164,55.8926,2422658,2418248,36.6,0.019592,19.72,0.868
0,69.wav,1773845602.031986,56.6494,2456331,2451921,31.9,0.010651,19.94,0.868
0,70.wav,1773845602.837834,57.4552,2491645,2487235,34.8,0.014893,20.44,0.815
0,71.wav,1773845603.628749,58.2462,2526521,2522111,35.8,0.016357,21.19,0.934
0,72.wav,1773845604.355247,58.9727,2558691,2554281,35.8,0.016510,19.94,0.707
0,73.wav,1773845605.090901,59.7083,2591314,2586904,33.7,0.012909,19.00,0.646
0,74.wav,1773845605.885388,60.5028,2626292,2621882,32.4,0.012512,20.23,0.868
0,75.wav,1773845606.719538,61.3370,2663057,2658647,34.4,0.014343,19.93,0.698
0,76.wav,1773845607.450859,62.0683,2695147,2690737,33.5,0.012451,20.08,0.833
0,77.wav,1773845608.205889,62.8233,2728590,2724180,34.4,0.015045,20.54,0.698
0,78.wav,1773845608.985454,63.6029,2762800,2758390,32.9,0.013611,20.49,0.850
0,79.wav,1773845609.775419,64.3928,2797637,2793227,34.2,0.014313,19.02,0.908
0,80.wav,1773845610.538261,65.1557,2831303,2826893,33.8,0.014618,20.06,0.944
0,81.wav,1773845611.309213,65.9266,2865377,2860967,35.1,0.015686,24.77,0.784
0,82.wav,1773845612.137376,66.7548,2902258,2897848,34.1,0.013611,18.53,0.688
0,83.wav,1773845612.901662,67.5191,2935584,2931174,34.1,0.032532,18.98,0.761
0,84.wav,1773845613.727527,68.3449,2972108,2967698,34.0,0.015350,21.49,0.538
0,85.wav,1773845614.526476,69.1439,3007289,3002879,36.7,0.017883,19.00,0.707
0,86.wav,1773845615.325375,69.9428,3042363,3037953,35.2,0.015106,18.47,0.900
0,87.wav,1773845616.072157,70.6896,3075410,3071000,35.0,0.015350,18.87,0.875
0,88.wav,1773845616.860194,71.4776,3110060,3105650,35.5,0.016571,17.74,0.818
0,89.wav,1773845617.617459,72.2349,3143359,3138949,33.9,0.013458,22.64,0.796
0,90.wav,1773845618.455399,73.0728,3180629,3176219,33.6,0.013519,21.10,0.753
0,91.wav,1773845619.363534,73.9809,3220501,3216091,34.5,0.014618,18.50,0.888
0,92.wav,1773845620.196125,74.8135,3257216,3252806,35.9,0.016876,17.49,0.865
0,93.wav,1773845621.073436,75.6909,3295942,3291532,34.2,0.014160,19.14,0.900
0,94.wav,1773845621.850426,76.4678,3330342,3325932,34.0,0.013702,17.31,0.791
0,95.wav,1773845622.76625,77.3837,3370512,3366102,36.2,0.018524,18.79,0.910
0,96.wav,1773845623.547516,78.1649,3405175,3400765,34.3,0.013763,17.73,0.869
0,97.wav,1773845624.330392,78.9478,3439592,3435182,34.7,0.014557,19.00,0.900
0,98.wav,1773845625.111857,79.7293,3474022,3469612,36.2,0.018127,19.38,0.907
0,99.wav,1773845625.96377,80.5812,3511632,3507222,34.6,0.014740,16.13,0.842
1,0.wav,1773844481.014189,0.7805,5878,1468,19.3,0.005341,20.93,1.000
1,1.wav,1773844481.87314,1.6395,24123,19713,31.4,0.011597,21.32,1.000
1,2.wav,1773844482.648553,2.4149,58349,53939,32.6,0.013611,23.50,1.000
1,3.wav,1773844483.424043,3.1904,92635,88225,32.5,0.013672,21.90,1.000
1,4.wav,1773844484.287764,4.0541,130558,126148,33.7,0.015839,23.41,1.000
1,5.wav,1773844485.104834,4.8712,166459,162049,35.1,0.016846,22.30,1.000
1,6.wav,1773844485.857093,5.6234,199483,195073,34.8,0.017792,23.01,1.000
1,7.wav,1773844486.615541,6.3819,233272,228862,32.7,0.013885,21.71,1.000
1,8.wav,1773844487.475039,7.2414,271133,266723,33.4,0.015289,24.43,1.000
1,9.wav,1773844488.250171,8.0165,305415,301005,30.5,0.010498,24.66,1.000
1,10.wav,1773844489.052584,8.8189,340901,336491,29.7,0.009644,23.26,1.000
1,11.wav,1773844489.854439,9.6208,376161,371751,32.6,0.014313,22.78,1.000
1,12.wav,1773844490.646836,10.4132,411128,406718,31.2,0.011902,22.24,1.000
1,13.wav,1773844491.47514,11.2415,447503,443093,35.9,0.020081,23.74,1.000
1,14.wav,1773844492.2734,12.0397,482963,478553,30.7,0.010773,19.35,1.000
1,15.wav,1773844493.112146,12.8785,519821,515411,33.6,0.014771,21.36,1.000
1,16.wav,1773844494.000596,13.7669,558932,554522,32.9,0.013824,20.25,1.000
1,17.wav,1773844494.769568,14.5359,592824,588414,34.1,0.015320,20.16,1.000
1,18.wav,1773844495.565838,15.3322,628073,623663,31.0,0.011353,22.85,1.000
1,19.wav,1773844496.323506,16.0898,660761,656351,34.1,0.043915,21.83,1.000
1,20.wav,1773844497.120926,16.8873,696583,692173,32.6,0.013763,23.23,0.653
1,21.wav,1773844497.973573,17.7399,734306,729896,32.1,0.012543,21.14,0.628
1,22.wav,1773844498.742504,18.5088,768307,763897,30.5,0.010406,19.82,0.586
1,23.wav,1773844499.565493,19.3318,804391,799981,33.5,0.014679,21.72,0.688
1,24.wav,1773844500.319577,20.0859,837629,833219,32.9,0.013824,20.98,0.648
1,25.wav,1773844501.089684,20.8560,871607,867197,31.8,0.013031,22.18,0.574
1,26.wav,1773844501.841809,21.6081,904773,900363,31.9,0.012878,24.03,0.602
1,27.wav,1773844502.677148,22.4435,941666,937256,32.6,0.012817,21.62,0.673
1,28.wav,1773844503.484355,23.2507,977370,972960,31.8,0.012054,22.00,0.662
1,29.wav,1773844504.308544,24.0749,1013642,1009232,31.0,0.011841,24.76,0.555
1,30.wav,1773844505.076847,24.8432,1047435,1043025,34.0,0.015167,19.47,0.661
1,31.wav,1773844505.845305,25.6116,1080870,1076460,31.2,0.028381,23.08,0.658
1,32.wav,1773844506.686473,26.4528,1118408,1113998,33.2,0.014252,22.59,0.682
1,33.wav,1773844507.431555,27.1979,1151175,1146765,35.6,0.017853,21.97,0.665
1,34.wav,1773844508.232512,27.9988,1186585,1182175,35.6,0.018768,18.92,0.644
1,35.wav,1773844509.039537,28.8059,1222278,1217868,32.7,0.013550,19.89,0.679
1,36.wav,1773844509.914751,29.6811,1260652,1256242,34.9,0.016479,20.43,0.658
1,37.wav,1773844510.721622,30.4880,1296371,1291961,32.2,0.012695,20.47,0.572
1,38.wav,1773844511.504888,31.2712,1330857,1326447,32.5,0.014374,24.01,0.566
1,39.wav,1773844512.317595,32.0839,1366684,1362274,34.4,0.015869,21.14,0.605
1,40.wav,1773844513.069401,32.8357,1399933,1395523,32.3,0.012939,19.34,0.458
1,41.wav,1773844513.895821,33.6622,1436304,1431894,33.3,0.014099,21.71,0.674
1,42.wav,1773844514.675598,34.4419,1471341,1466931,30.2,0.010864,18.95,0.370
1,43.wav,1773844515.464936,35.2313,1505605,1501195,33.7,0.015015,19.86,0.649
1,44.wav,1773844516.261393,36.0277,1540716,1536306,33.2,0.013824,22.83,0.645
1,45.wav,1773844517.044912,36.8112,1575177,1570767,34.5,0.016724,20.54,0.611
1,46.wav,1773844517.79931,37.5656,1608607,1604197,33.2,0.014252,19.35,0.614
1,47.wav,1773844518.586563,38.3529,1643172,1638762,35.2,0.016815,19.85,0.677
1,48.wav,1773844519.418011,39.1843,1679895,1675485,30.9,0.011505,20.26,0.563
1,49.wav,1773844520.23837,40.0047,1716065,1711655,33.5,0.014160,19.86,0.617
1,50.wav,1773844521.042147,40.8085,1751563,1747153,33.0,0.013489,26.50,0.619
1,51.wav,1773844521.845362,41.6117,1786921,1782511,32.6,0.014221,22.20,0.608
1,52.wav,1773844522.613465,42.3798,1820684,1816274,34.5,0.016937,24.60,0.620
1,53.wav,1773844523.468314,43.2346,1858489,1854079,33.4,0.015167,22.17,0.605
1,54.wav,1773844524.365966,44.1323,1898118,1893708,32.6,0.013702,23.11,0.636
1,55.wav,1773844525.190351,44.9567,1934404,1929994,32.8,0.013916,23.44,0.658
1,56.wav,1773844526.028854,45.7952,1971603,1967193,30.2,0.010254,19.62,0.597
1,57.wav,1773844526.879685,46.6460,2008874,2004464,34.6,0.016876,21.63,0.643
1,58.wav,1773844527.777975,47.5443,2048499,2044089,30.5,0.010437,21.48,0.503
1,59.wav,1773844528.583512,48.3498,2083957,2079547,33.5,0.015533,24.65,0.560
1,60.wav,1773844529.352432,49.1188,2117924,2113514,31.8,0.013245,25.52,0.617
1,61.wav,1773844530.194869,49.9612,2155037,2150627,31.5,0.012970,24.23,0.581
1,62.wav,1773844530.961538,50.7279,2189102,2184692,28.1,0.008575,19.79,0.489
1,63.wav,1773844531.824637,51.5910,2226927,2222517,34.0,0.015808,21.69,0.584
1,64.wav,1773844532.627288,52.3936,2262314,2257904,34.4,0.016785,24.50,0.645
1,65.wav,1773844533.444559,53.2109,2298461,2294051,32.1,0.013397,20.84,0.537
1,66.wav,1773844534.304348,54.0707,2336260,2331850,35.6,0.018524,22.09,0.621
1,67.wav,1773844535.154634,54.9210,2373809,2369399,33.5,0.014465,18.35,0.649
1,68.wav,1773844535.971662,55.7380,2409855,2405445,34.3,0.016113,22.26,0.676
1,69.wav,1773844536.832538,56.5989,2447723,2443313,35.2,0.017151,21.70,0.692
1,70.wav,1773844537.670799,57.4371,2484734,2480324,34.3,0.015472,19.26,0.676
1,71.wav,1773844538.464311,58.2306,2519774,2515364,33.4,0.015411,23.87,0.613
1,72.wav,1773844539.267936,59.0343,2555302,2550892,32.0,0.013245,24.75,0.566
1,73.wav,1773844540.134321,59.9007,2593404,2588994,32.9,0.014130,22.42,0.632
1,74.wav,1773844540.950212,60.7165,2629494,2625084,32.3,0.012390,21.56,0.626
1,75.wav,1773844541.780989,61.5473,2666299,2661889,30.8,0.010681,18.01,0.641
1,76.wav,1773844542.598366,62.3647,2702231,2697821,31.5,0.011566,18.46,0.601
1,77.wav,1773844543.385049,63.1514,2736916,2732506,31.7,0.012177,20.86,0.614
1,78.wav,1773844544.253374,64.0197,2775109,2770699,35.7,0.018219,19.19,0.691
1,79.wav,1773844545.126459,64.8928,2813552,2809142,31.5,0.011749,21.86,0.607
1,80.wav,1773844546.021452,65.7878,2853000,2848590,32.6,0.013367,26.82,0.474
1,81.wav,1773844546.909343,66.6757,2892142,2887732,32.0,0.012329,25.09,0.606
1,82.wav,1773844547.77427,67.5406,2930487,2926077,32.4,0.013275,25.49,0.620
1,83.wav,1773844548.620567,68.3869,2967688,2963278,32.9,0.013245,23.44,0.629
1,84.wav,1773844549.440563,69.2069,3003870,2999460,33.6,0.014130,20.39,0.572
1,85.wav,1773844550.337337,70.1037,3043347,3038937,32.1,0.012543,21.86,0.596
1,86.wav,1773844551.206622,70.9730,3081862,3077452,30.3,0.010132,19.57,0.563
1,87.wav,1773844552.075884,71.8422,3120161,3115751,31.5,0.011444,20.99,0.539
1,88.wav,1773844552.905878,72.6722,3156812,3152402,30.9,0.010895,19.72,0.575
1,89.wav,1773844553.76801,73.5343,3194866,3190456,31.2,0.011383,18.92,0.510
1,90.wav,1773844554.602231,74.3686,3231584,3227174,33.3,0.013763,19.19,0.635
1,91.wav,1773844555.456488,75.2228,3269333,3264923,31.9,0.012207,22.39,0.599
1,92.wav,1773844556.266297,76.0326,3304979,3300569,27.4,0.006836,18.37,0.682
1,93.wav,1773844557.149234,76.9156,3343779,3339369,34.4,0.016022,20.54,0.633
1,94.wav,1773844558.074356,77.8407,3384713,3380303,27.6,0.007874,21.66,0.469
1,95.wav,1773844558.88764,78.6540,3420454,3416044,31.2,0.012299,21.98,0.484
1,96.wav,1773844559.722087,79.4884,3457149,3452739,37.4,0.023468,18.63,0.562
1,97.wav,1773844560.568116,80.3344,3494671,3490261,32.2,0.012726,21.96,0.636
1,98.wav,1773844561.388156,81.1545,3530777,3526367,31.9,0.012512,22.27,0.557
1,99.wav,1773844562.175799,81.9421,3565445,3561035,35.5,0.018677,18.13,0.616
2,0.wav,1773844572.360958,1.2006,18097,13687,36.2,0.033325,16.60,1.000
2,1.wav,1773844573.078288,1.9180,49704,45294,37.2,0.039917,16.42,1.000
2,2.wav,1773844573.815546,2.6552,82313,77903,37.0,0.034943,13.55,1.000
2,3.wav,1773844574.579051,3.4187,116005,111595,37.2,0.036774,13.52,1.000
2,4.wav,1773844575.305669,4.1453,148015,143605,37.3,0.038879,15.30,1.000
2,5.wav,1773844576.070182,4.9099,181698,177288,37.7,0.041290,15.59,1.000
2,6.wav,1773844576.888219,5.7279,217787,213377,39.2,0.045563,14.76,1.000
2,7.wav,1773844577.667711,6.5074,252240,247830,37.1,0.037781,15.04,1.000
2,8.wav,1773844578.506964,7.3466,289226,284816,37.6,0.039734,15.33,1.000
2,9.wav,1773844579.327236,8.1669,325365,320955,37.7,0.041626,15.63,1.000
2,10.wav,1773844580.064536,8.9042,357960,353550,35.5,0.030487,14.58,1.000
2,11.wav,1773844580.90266,9.7423,395028,390618,33.5,0.026550,14.97,1.000
2,12.wav,1773844581.686631,10.5263,429490,425080,35.9,0.034729,13.21,1.000
2,13.wav,1773844582.468424,11.3081,463929,459519,36.2,0.034668,17.40,1.000
2,14.wav,1773844583.252892,12.0926,498479,494069,37.3,0.038879,17.15,1.000
2,15.wav,1773844584.004642,12.8443,531744,527334,37.6,0.041595,17.89,1.000
2,16.wav,1773844584.74828,13.5880,564353,559943,38.7,0.044037,16.38,1.000
2,17.wav,1773844585.494202,14.3339,597326,592916,35.4,0.029510,14.93,1.000
2,18.wav,1773844586.276169,15.1158,631745,627335,36.8,0.035583,13.27,1.000
2,19.wav,1773844587.015696,15.8554,664457,660047,37.1,0.038818,18.01,1.000
2,20.wav,1773844587.816188,16.6559,699682,695272,37.5,0.042419,16.66,0.886
2,21.wav,1773844588.564325,17.4040,732762,728352,37.9,0.043488,15.27,0.921
2,22.wav,1773844589.335633,18.1753,766766,762356,36.8,0.035309,14.17,0.921
2,23.wav,1773844590.126517,18.9662,801615,797205,36.8,0.036652,13.10,0.866
2,24.wav,1773844590.921098,19.7608,836736,832326,36.0,0.036011,15.68,0.883
2,25.wav,1773844591.707261,20.5469,871392,866982,36.2,0.034119,14.22,0.928
2,26.wav,1773844592.533021,21.3727,907755,903345,35.6,0.033813,13.90,0.915
2,27.wav,1773844593.360244,22.1999,944489,940079,35.5,0.030518,15.76,0.819
2,28.wav,1773844594.156977,22.9967,979309,974899,38.7,0.046906,15.23,0.941
2,29.wav,1773844594.957073,23.7967,1014709,1010299,36.5,0.038177,15.45,0.905
2,30.wav,1773844595.706987,24.5467,1047611,1043201,36.5,0.038513,15.56,0.894
2,31.wav,1773844596.524411,25.3641,1084011,1079601,33.8,0.026733,19.15,0.783
2,32.wav,1773844597.325985,26.1657,1119222,1114812,35.9,0.033844,14.26,0.753
2,33.wav,1773844598.074587,26.9143,1152129,1147719,37.8,0.039490,14.55,0.913
2,34.wav,1773844598.903325,27.7430,1188729,1184319,36.8,0.039062,14.40,0.871
2,35.wav,1773844599.713052,28.5527,1224238,1219828,37.2,0.037781,14.55,0.838
2,36.wav,1773844600.496542,29.3362,1258943,1254533,36.8,0.038086,14.83,0.889
2,37.wav,1773844601.269165,30.1088,1293002,1288592,38.3,0.044434,15.96,0.944
2,38.wav,1773844602.041178,30.8809,1327047,1322637,37.0,0.041321,15.74,0.908
2,39.wav,1773844602.867767,31.7074,1363582,1359172,36.8,0.036835,15.38,0.799
2,40.wav,1773844603.681107,32.5208,1399346,1394936,37.0,0.040192,16.45,0.937
2,41.wav,1773844604.486412,33.3261,1434869,1430459,37.0,0.039032,15.85,0.939
2,42.wav,1773844605.294474,34.1341,1470666,1466256,35.8,0.033447,15.09,0.877
2,43.wav,1773844606.146013,34.9857,1508247,1503837,34.5,0.027588,12.92,0.852
2,44.wav,1773844606.974121,35.8138,1544627,1540217,35.9,0.035126,14.97,0.837
2,45.wav,1773844607.755148,36.5948,1579024,1574614,37.9,0.044037,15.81,0.917
2,46.wav,1773844608.565649,37.4053,1614980,1610570,34.2,0.025665,11.44,0.729
2,47.wav,1773844609.395543,38.2352,1651522,1647112,35.5,0.032593,13.98,0.813
2,48.wav,1773844610.165345,39.0050,1685451,1681041,35.3,0.033142,16.21,0.791
2,49.wav,1773844610.944679,39.7844,1719802,1715392,36.1,0.034973,17.96,0.766
2,50.wav,1773844611.726155,40.5658,1754271,1749861,35.1,0.032013,15.31,0.834
2,51.wav,1773844612.498561,41.3382,1788345,1783935,35.2,0.030426,13.73,0.863
2,52.wav,1773844613.326803,42.1665,1824902,1820492,34.6,0.029633,13.76,0.840
2,53.wav,1773844614.140046,42.9797,1860801,1856391,36.3,0.035645,15.20,0.906
2,54.wav,1773844614.919998,43.7597,1895184,1890774,35.4,0.032623,15.99,0.938
2,55.wav,1773844615.724554,44.5642,1930576,1926166,36.0,0.034485,15.57,0.954
2,56.wav,1773844616.48643,45.3261,1964190,1959780,35.4,0.031555,17.29,0.855
2,57.wav,1773844617.297976,46.1377,1999952,1995542,34.4,0.029724,15.03,0.834
2,58.wav,1773844618.078978,46.9187,2034372,2029962,35.6,0.031189,13.91,0.863
2,59.wav,1773844618.872983,47.7127,2069389,2064979,34.2,0.026489,13.16,0.888
2,60.wav,1773844619.698992,48.5387,2105889,2101479,35.4,0.032623,14.81,0.840
2,61.wav,1773844620.49429,49.3340,2141009,2136599,34.3,0.027954,14.82,0.871
2,62.wav,1773844621.356987,50.1967,2179142,2174732,32.7,0.023499,14.23,0.755
2,63.wav,1773844622.160952,51.0006,2214362,2209952,35.2,0.031494,14.14,0.815
2,64.wav,1773844622.949751,51.7894,2249244,2244834,35.4,0.032379,14.41,0.829
2,65.wav,1773844623.770082,52.6098,2285437,2281027,34.9,0.030365,14.19,0.846
2,66.wav,1773844624.586349,53.4260,2321522,2317112,33.5,0.024261,12.86,0.806
2,67.wav,1773844625.357058,54.1967,2355427,2351017,35.2,0.032349,14.81,0.831
2,68.wav,1773844626.146935,54.9866,2390149,2385739,34.1,0.025146,13.87,0.881
2,69.wav,1773844627.020057,55.8597,2428705,2424295,33.0,0.023865,14.49,0.828
2,70.wav,1773844627.798172,56.6378,2463057,2458647,36.1,0.035400,15.52,0.850
2,71.wav,1773844628.545022,57.3847,2496126,2491716,33.2,0.022980,14.28,0.824
2,72.wav,1773844629.366927,58.2066,2532228,2527818,33.9,0.024872,12.84,0.854
2,73.wav,1773844630.145111,58.9848,2566529,2562119,36.5,0.036591,14.55,0.840
2,74.wav,1773844630.957494,59.7972,2602615,2598205,34.6,0.029297,14.06,0.770
2,75.wav,1773844631.813734,60.6534,2640226,2635816,33.8,0.025421,13.58,0.833
2,76.wav,1773844632.635291,61.4750,2676524,2672114,32.4,0.021973,13.04,0.772
2,77.wav,1773844633.461445,62.3011,2712943,2708533,32.6,0.021240,16.98,0.689
2,78.wav,1773844634.198081,63.0378,2745591,2741181,31.8,0.019836,13.55,0.785
2,79.wav,1773844634.992747,63.8324,2780275,2775865,32.8,0.020782,12.21,0.793
2,80.wav,1773844635.758807,64.5985,2814063,2809653,34.8,0.028931,14.04,0.889
2,81.wav,1773844636.600162,65.4398,2851208,2846798,34.8,0.028656,14.11,0.926
2,82.wav,1773844637.39104,66.2307,2886139,2881729,35.6,0.032715,14.85,0.938
2,83.wav,1773844638.186188,67.0259,2921348,2916938,33.6,0.025787,20.22,0.804
2,84.wav,1773844638.995313,67.8350,2956872,2952462,35.6,0.032471,14.79,0.798
2,85.wav,1773844639.792079,68.6318,2992065,2987655,34.0,0.028076,15.10,0.859
2,86.wav,1773844640.603839,69.4435,3027853,3023443,34.8,0.031097,14.92,0.799
2,87.wav,1773844641.452076,70.2918,3065102,3060692,34.7,0.029541,14.85,0.855
2,88.wav,1773844642.263924,71.1036,3101027,3096617,34.2,0.027039,13.45,0.869
2,89.wav,1773844643.070289,71.9100,3136428,3132018,35.6,0.031769,14.24,0.886
2,90.wav,1773844643.852741,72.6924,3171159,3166749,35.0,0.031036,14.65,0.837
2,91.wav,1773844644.734089,73.5738,3209855,3205445,36.2,0.034027,14.00,0.874
2,92.wav,1773844645.561812,74.4015,3246498,3242088,34.3,0.026672,18.94,0.745
2,93.wav,1773844646.375398,75.2151,3282356,3277946,32.3,0.020538,12.47,0.784
2,94.wav,1773844647.159132,75.9988,3316885,3312475,34.0,0.027130,16.72,0.728
2,95.wav,1773844647.956465,76.7961,3352093,3347683,33.3,0.024384,12.82,0.786
2,96.wav,1773844648.787826,77.6275,3388881,3384471,33.8,0.025421,13.52,0.859
2,97.wav,1773844649.648666,78.4883,3426778,3422368,33.4,0.025391,13.47,0.854
2,98.wav,1773844650.528825,79.3685,3465576,3461166,33.8,0.026459,13.79,0.841
2,99.wav,1773844651.385415,80.2251,3503465,3499055,33.1,0.023132,14.59,0.670
3,0.wav,1773844661.906333,1.1275,8099,3689,27.8,0.013275,20.26,1.000
3,1.wav,1773844662.623437,1.8446,33013,28603,36.5,0.037048,18.46,1.000
3,2.wav,1773844663.38611,2.6072,67717,63307,30.1,0.009521,17.91,1.000
3,3.wav,1773844664.133679,3.3548,100615,96205,31.3,0.011719,16.62,1.000
3,4.wav,1773844664.866455,4.0876,132952,128542,30.9,0.010986,17.02,1.000
3,5.wav,1773844665.630768,4.8519,166722,162312,30.7,0.010193,16.14,1.000
3,6.wav,1773844666.364326,5.5854,199693,195283,30.5,0.009491,16.27,1.000
3,7.wav,1773844667.102961,6.3241,231620,227210,29.8,0.009979,17.51,1.000
3,8.wav,1773844667.867763,7.0889,265316,260906,31.0,0.010712,17.36,1.000
3,9.wav,1773844668.607055,7.8282,297978,293568,29.8,0.009552,16.85,1.000
3,10.wav,1773844669.361113,8.5822,331143,326733,31.3,0.011139,17.21,1.000
3,11.wav,1773844670.21001,9.4311,368457,364047,27.8,0.005371,16.93,1.000
3,12.wav,1773844670.93629,10.1574,400584,396174,30.0,0.009583,17.68,1.000
3,13.wav,1773844671.69282,10.9139,434817,430407,28.0,0.006317,16.91,1.000
3,14.wav,1773844672.402499,11.6236,464282,459872,39.5,0.047668,17.97,1.000
3,15.wav,1773844673.14189,12.3630,497918,493508,28.3,0.008118,16.06,1.000
3,16.wav,1773844673.888349,13.1095,530780,526370,30.3,0.010101,17.78,1.000
3,17.wav,1773844674.693761,13.9149,566138,561728,32.2,0.012939,17.27,1.000
3,18.wav,1773844675.441909,14.6630,599255,594845,31.1,0.011230,17.14,1.000
3,19.wav,1773844676.259005,15.4801,635344,630934,30.8,0.010437,16.41,1.000
3,20.wav,1773844677.022064,16.2432,669206,664796,27.4,0.007599,17.60,0.437
3,21.wav,1773844677.764334,16.9855,701974,697564,26.5,0.006897,15.97,0.449
3,22.wav,1773844678.588049,17.8092,738320,733910,28.3,0.007965,17.26,0.490
3,23.wav,1773844679.379891,18.6010,772158,767748,38.9,0.044403,17.31,0.969
3,24.wav,1773844680.146269,19.3674,806917,802507,29.8,0.009766,18.41,0.517
3,25.wav,1773844680.955951,20.1771,843341,838931,29.0,0.007019,16.40,0.256
3,26.wav,1773844681.762015,20.9831,877973,873563,30.4,0.010345,16.97,0.546
3,27.wav,1773844682.569796,21.7909,913512,909102,31.5,0.011444,17.78,0.549
3,28.wav,1773844683.375269,22.5964,950043,945633,28.8,0.006744,15.81,0.275
3,29.wav,1773844684.185032,23.4062,984876,980466,29.9,0.010345,17.91,0.496
3,30.wav,1773844684.926038,24.1472,1017427,1013017,31.9,0.012146,19.08,0.519
3,31.wav,1773844685.673887,24.8950,1050678,1046268,27.1,0.007324,16.23,0.487
3,32.wav,1773844686.487775,25.7089,1086417,1082007,28.6,0.008514,15.50,0.545
3,33.wav,1773844687.317843,26.5390,1123884,1119474,29.2,0.007324,15.82,0.249
3,34.wav,1773844688.089796,27.3109,1157221,1152811,27.9,0.007416,17.55,0.508
3,35.wav,1773844688.879189,28.1003,1191162,1186752,36.7,0.036530,22.90,0.778
3,36.wav,1773844689.6548,28.8759,1226182,1221772,29.8,0.009277,16.74,0.521
3,37.wav,1773844690.441337,29.6625,1261121,1256711,26.0,0.006012,16.03,0.522
3,38.wav,1773844691.260705,30.4818,1296983,1292573,27.3,0.006989,15.86,0.496
3,39.wav,1773844691.997795,31.2189,1330309,1325899,27.7,0.006256,16.20,0.241
3,40.wav,1773844692.800777,32.0219,1364964,1360554,25.9,0.006256,15.80,0.532
3,41.wav,1773844693.601964,32.8231,1400357,1395947,28.8,0.008728,16.71,0.502
3,42.wav,1773844694.373908,33.5950,1434280,1429870,28.9,0.009094,17.30,0.469
3,43.wav,1773844695.174882,34.3960,1469874,1465464,26.3,0.006531,16.24,0.542
3,44.wav,1773844695.969564,35.1907,1503585,1499175,39.7,0.049469,17.38,0.964
3,45.wav,1773844696.743872,35.9650,1539154,1534744,26.9,0.007538,16.39,0.454
3,46.wav,1773844697.489886,36.7110,1570808,1566398,36.5,0.034149,24.27,0.826
3,47.wav,1773844698.228548,37.4497,1605085,1600675,29.2,0.007629,16.78,0.253
3,48.wav,1773844698.990783,38.2119,1638145,1633735,26.4,0.006592,17.84,0.427
3,49.wav,1773844699.797774,39.0189,1673760,1669350,25.6,0.006256,17.84,0.498
3,50.wav,1773844700.565143,39.7863,1708174,1703764,27.5,0.006165,16.46,0.239
3,51.wav,1773844701.321444,40.5426,1739665,1735255,39.3,0.046112,19.03,0.891
3,52.wav,1773844702.097601,41.3187,1775621,1771211,27.3,0.006104,15.35,0.256
3,53.wav,1773844702.891771,42.1129,1808996,1804586,37.4,0.040070,20.78,0.865
3,54.wav,1773844703.665129,42.8863,1843038,1838628,39.4,0.047546,17.20,0.976
3,55.wav,1773844704.471106,43.6922,1879610,1875200,27.8,0.007324,15.73,0.434
3,56.wav,1773844705.269751,44.4909,1915160,1910750,24.8,0.005463,18.93,0.358
3,57.wav,1773844706.083847,45.3050,1950837,1946427,26.2,0.006012,15.78,0.459
3,58.wav,1773844706.860831,46.0820,1984271,1979861,34.5,0.027618,19.12,0.563
3,59.wav,1773844707.646793,46.8679,2018834,2014424,36.1,0.031433,22.01,0.729
3,60.wav,1773844708.410173,47.6313,2053128,2048718,29.0,0.008575,17.73,0.522
3,61.wav,1773844709.195009,48.4161,2088611,2084201,26.9,0.005737,16.02,0.265
3,62.wav,1773844709.954357,49.1755,2121583,2117173,27.0,0.007080,14.50,0.456
3,63.wav,1773844710.759392,49.9805,2156982,2152572,27.1,0.007019,15.28,0.491
3,64.wav,1773844711.553143,50.7743,2192209,2187799,25.8,0.006073,15.53,0.490
3,65.wav,1773844712.314748,51.5359,2225658,2221248,27.7,0.007385,16.83,0.383
3,66.wav,1773844713.103769,52.3249,2260231,2255821,28.6,0.008118,16.71,0.542
3,67.wav,1773844713.913629,53.1348,2296299,2291889,24.0,0.004669,18.81,0.521
3,68.wav,1773844714.727597,53.9487,2331928,2327518,28.1,0.007935,16.25,0.546
3,69.wav,1773844715.520721,54.7418,2366891,2362481,28.8,0.008301,15.64,0.552
3,70.wav,1773844716.303536,55.5247,2402217,2397807,27.4,0.006378,15.58,0.258
3,71.wav,1773844717.130859,56.3520,2437973,2433563,26.8,0.007141,17.84,0.437
3,72.wav,1773844717.923976,57.1451,2473767,2469357,25.0,0.004700,15.04,0.208
3,73.wav,1773844718.736473,57.9576,2508699,2504289,27.7,0.007355,18.50,0.506
3,74.wav,1773844719.530546,58.7517,2544600,2540190,26.0,0.005219,17.31,0.338
3,75.wav,1773844720.340688,59.5618,2579677,2575267,26.0,0.006073,15.07,0.524
3,76.wav,1773844721.119385,60.3405,2613955,2609545,26.0,0.006012,16.39,0.534
3,77.wav,1773844721.933906,61.1550,2650553,2646143,26.9,0.005890,17.45,0.237
3,78.wav,1773844723.515099,62.7362,2719463,2715053,28.0,0.007935,18.92,0.480
3,79.wav,1773844724.329598,63.5507,2755481,2751071,27.2,0.007172,16.15,0.482
3,80.wav,1773844725.103588,64.3247,2789646,2785236,27.3,0.007263,15.63,0.439
3,81.wav,1773844725.914945,65.1361,2826393,2821983,23.9,0.003937,14.98,0.219
3,82.wav,1773844726.714068,65.9352,2860628,2856218,29.9,0.009705,16.01,0.532
3,83.wav,1773844727.455165,66.6763,2893931,2889521,29.2,0.007599,15.21,0.265
3,84.wav,1773844728.221241,67.4424,2926997,2922587,30.6,0.010529,16.12,0.484
3,85.wav,1773844728.93351,68.1546,2958324,2953914,30.6,0.010895,18.10,0.480
3,86.wav,1773844729.745848,68.9670,2994560,2990150,26.3,0.006348,15.97,0.468
3,87.wav,1773844730.602795,69.8239,3031197,3026787,34.1,0.027496,19.95,0.692
3,88.wav,1773844731.397601,70.6187,3066395,3061985,31.6,0.022278,17.25,0.767
3,89.wav,1773844732.146738,71.3679,3100216,3095806,28.4,0.008331,15.77,0.479
3,90.wav,1773844732.945709,72.1668,3135445,3131035,27.5,0.007721,15.31,0.454
3,91.wav,1773844733.738663,72.9598,3170994,3166584,27.4,0.006287,17.22,0.256
3,92.wav,1773844734.630645,73.8518,3209575,3205165,28.0,0.007385,18.72,0.521
3,93.wav,1773844735.391546,74.6127,3243625,3239215,26.2,0.006317,15.70,0.404
3,94.wav,1773844736.222768,75.4439,3278983,3274573,36.4,0.033661,25.85,0.719
3,95.wav,1773844737.089425,76.3105,3318450,3314040,24.5,0.005585,16.63,0.406
3,96.wav,1773844737.895084,77.1162,3354517,3350107,27.0,0.005676,16.28,0.219
3,97.wav,1773844738.694782,77.9159,3389009,3384599,27.7,0.007996,17.73,0.401
3,98.wav,1773844739.493422,78.7145,3424275,3419865,27.1,0.007660,15.85,0.414
4,0.wav,1773844751.198572,1.5517,14884,10474,37.3,0.054810,19.60,1.000
4,1.wav,1773844752.040211,2.3933,52679,48269,35.2,0.014343,22.35,1.000
4,2.wav,1773844752.807687,3.1608,86529,82119,35.8,0.015381,21.88,1.000
4,3.wav,1773844753.554517,3.9076,118805,114395,37.9,0.062256,30.35,1.000
4,4.wav,1773844754.31072,4.6638,152806,148396,36.4,0.016571,24.21,1.000
4,5.wav,1773844755.05454,5.4077,184961,180551,36.1,0.046906,28.63,1.000
4,6.wav,1773844755.913562,6.2667,222644,218234,39.3,0.070038,27.93,1.000
4,7.wav,1773844756.717015,7.0701,258906,254496,37.4,0.019104,24.72,1.000
4,8.wav,1773844757.547566,7.9007,295677,291267,34.2,0.012939,21.63,1.000
4,9.wav,1773844758.357483,8.7106,331187,326777,38.3,0.021423,25.63,1.000
4,10.wav,1773844759.159699,9.5128,365991,361581,38.8,0.065704,22.08,1.000
4,11.wav,1773844759.916383,10.2695,400110,395700,36.0,0.016449,22.36,1.000
4,12.wav,1773844760.693165,11.0463,434282,429872,35.7,0.015106,22.72,1.000
4,13.wav,1773844761.447365,11.8005,466962,462552,37.8,0.060181,22.47,1.000
4,14.wav,1773844762.289365,12.6425,503982,499572,40.7,0.081360,24.01,1.000
4,15.wav,1773844763.103523,13.4566,540617,536207,34.4,0.013153,21.39,1.000
4,16.wav,1773844763.874576,14.2277,574593,570183,36.5,0.017181,22.72,1.000
4,17.wav,1773844764.723556,15.0767,611342,606932,39.3,0.073975,24.49,1.000
4,18.wav,1773844765.498842,15.8520,645493,641083,39.6,0.073547,24.23,1.000
4,19.wav,1773844766.278752,16.6319,680551,676141,35.0,0.015137,20.46,1.000
4,20.wav,1773844767.06065,17.4138,715026,710616,35.9,0.015900,21.06,0.633
4,21.wav,1773844767.811764,18.1649,748060,743650,36.4,0.017914,23.99,0.698
4,22.wav,1773844768.657211,19.0103,785488,781078,35.2,0.014832,20.42,0.606
4,23.wav,1773844769.497491,19.8506,822630,818220,36.0,0.015961,21.89,0.637
4,24.wav,1773844770.350507,20.7036,859462,855052,39.2,0.071838,22.72,0.644
4,25.wav,1773844771.205009,21.5581,897081,892671,40.1,0.081421,25.88,0.693
4,26.wav,1773844772.040527,22.3936,934168,929758,39.2,0.069000,23.76,0.606
4,27.wav,1773844772.868321,23.2214,970547,966137,39.9,0.077637,26.96,0.665
4,28.wav,1773844773.708775,24.0619,1007846,1003436,36.7,0.049988,19.50,0.538
4,29.wav,1773844774.525844,24.8790,1043831,1039421,36.7,0.050079,31.17,0.535
4,30.wav,1773844775.354911,25.7080,1080230,1075820,38.5,0.063782,20.16,0.570
4,31.wav,1773844776.244606,26.5977,1120223,1115813,35.1,0.014771,21.53,0.697
4,32.wav,1773844777.01126,27.3644,1153290,1148880,38.4,0.062195,23.67,0.653
4,33.wav,1773844777.814626,28.1677,1189441,1185031,33.6,0.008911,19.80,0.611
4,34.wav,1773844778.646661,28.9998,1225941,1221531,36.6,0.017426,23.81,0.700
4,35.wav,1773844779.459384,29.8125,1262001,1257591,35.0,0.013763,21.42,0.719
4,36.wav,1773844780.249611,30.6027,1295974,1291564,40.9,0.090576,24.20,0.698
4,37.wav,1773844781.056877,31.4100,1332412,1328002,34.9,0.010498,20.54,0.677
4,38.wav,1773844781.875971,32.2291,1368369,1363959,36.9,0.017639,21.59,0.624
4,39.wav,1773844782.665909,33.0190,1403403,1398993,35.1,0.011444,22.54,0.743
4,40.wav,1773844783.480384,33.8335,1439321,1434911,33.5,0.009521,18.67,0.622
4,41.wav,1773844784.292607,34.6457,1475163,1470753,32.3,0.007812,20.03,0.632
4,42.wav,1773844785.089384,35.4425,1510300,1505890,32.9,0.008789,18.40,0.620
4,43.wav,1773844785.917623,36.2707,1546719,1542309,34.9,0.011292,20.00,0.640
4,44.wav,1773844786.742395,37.0955,1583144,1578734,34.3,0.013519,20.83,0.620
4,45.wav,1773844787.546498,37.8996,1618554,1614144,34.8,0.013428,20.28,0.638
4,46.wav,1773844788.313761,38.6669,1652375,1647965,33.7,0.009338,19.81,0.606
4,47.wav,1773844789.100476,39.4536,1687216,1682806,33.7,0.008942,20.07,0.635
4,48.wav,1773844789.93236,40.2855,1723049,1718639,38.7,0.065247,25.99,0.601
4,49.wav,1773844790.748423,41.1015,1759251,1754841,37.2,0.053528,21.64,0.649
4,50.wav,1773844791.518571,41.8717,1793789,1789379,34.6,0.014160,23.89,0.726
4,51.wav,1773844792.369579,42.7227,1831297,1826887,34.4,0.013702,22.93,0.690
4,52.wav,1773844793.18314,43.5363,1867129,1862719,36.2,0.016846,21.96,0.696
4,53.wav,1773844794.014249,44.3674,1903862,1899452,34.2,0.013031,21.56,0.640
4,54.wav,1773844794.867102,45.2202,1941323,1936913,34.9,0.014801,20.66,0.693
4,55.wav,1773844795.73425,46.0874,1979518,1975108,36.6,0.017426,24.57,0.703
4,56.wav,1773844796.532013,46.8851,2014759,2010349,36.3,0.016876,24.01,0.728
4,57.wav,1773844797.30823,47.6614,2049064,2044654,35.1,0.014069,19.42,0.730
4,58.wav,1773844798.154717,48.5078,2086435,2082025,34.7,0.013672,22.41,0.737
4,59.wav,1773844798.97533,49.3285,2122655,2118245,31.5,0.009308,21.33,0.662
4,60.wav,1773844799.771421,50.1245,2157616,2153206,35.7,0.016632,23.67,0.701
4,61.wav,1773844800.626244,50.9794,2195439,2191029,34.6,0.014191,21.86,0.688
4,62.wav,1773844801.472183,51.8253,2232089,2227679,37.5,0.055328,30.85,0.587
4,63.wav,1773844802.341325,52.6944,2270987,2266577,35.2,0.014709,20.88,0.671
4,64.wav,1773844803.150779,53.5039,2306931,2302521,33.7,0.012695,18.76,0.592
4,65.wav,1773844803.997341,54.3505,2343559,2339149,35.7,0.045929,27.80,0.546
4,66.wav,1773844804.837869,55.1910,2381228,2376818,33.6,0.009186,21.26,0.669
4,67.wav,1773844805.667992,56.0211,2418076,2413666,32.8,0.011444,18.57,0.642
4,68.wav,1773844806.512591,56.8657,2455034,2450624,34.0,0.009430,19.46,0.568
4,69.wav,1773844807.340234,57.6934,2491544,2487134,34.5,0.013458,20.27,0.642
4,70.wav,1773844808.194246,58.5474,2529215,2524805,34.4,0.012848,21.35,0.660
4,71.wav,1773844809.022926,59.3760,2565919,2561509,32.9,0.008240,19.03,0.620
4,72.wav,1773844809.859996,60.2131,2602612,2598202,35.9,0.015991,22.13,0.704
4,73.wav,1773844810.656727,61.0098,2637806,2633396,32.7,0.008148,18.96,0.593
4,74.wav,1773844811.50842,61.8615,2675298,2670888,34.2,0.010437,20.52,0.655
4,75.wav,1773844812.33131,62.6844,2710983,2706573,37.0,0.049286,28.78,0.599
4,76.wav,1773844813.189255,63.5424,2749568,2745158,33.4,0.011841,21.10,0.673
4,77.wav,1773844814.031275,64.3844,2786717,2782307,33.9,0.012177,20.40,0.684
4,78.wav,1773844814.877872,65.2310,2823950,2819540,34.4,0.012878,19.25,0.657
4,79.wav,1773844815.758909,66.1120,2862224,2857814,36.6,0.048004,23.33,0.569
4,80.wav,1773844816.576212,66.9293,2898892,2894482,34.0,0.013062,18.78,0.568
4,81.wav,1773844817.371157,67.7243,2934001,2929591,33.6,0.009430,20.43,0.706
4,82.wav,1773844818.171166,68.5243,2968718,2964308,35.2,0.042511,22.13,0.497
4,83.wav,1773844819.015644,69.3688,3006527,3002117,33.1,0.008545,21.89,0.677
4,84.wav,1773844819.874151,70.2273,3044352,3039942,32.0,0.007690,20.39,0.631
4,85.wav,1773844820.670219,71.0233,3079602,3075192,31.0,0.006805,21.64,0.691
4,86.wav,1773844821.485495,71.8386,3115274,3110864,34.9,0.010681,24.79,0.754
4,87.wav,1773844822.310143,72.6633,3151767,3147357,32.3,0.010803,19.77,0.580
4,88.wav,1773844823.195211,73.5483,3190796,3186386,33.8,0.012909,20.36,0.612
4,89.wav,1773844824.058216,74.4113,3228841,3224431,34.4,0.012604,18.26,0.605
4,90.wav,1773844824.879546,75.2327,3264283,3259873,35.2,0.042847,19.19,0.430
4,91.wav,1773844825.713073,76.0662,3301167,3296757,36.4,0.048828,28.61,0.608
4,92.wav,1773844826.567206,76.9203,3339624,3335214,33.6,0.012360,20.09,0.642
4,93.wav,1773844827.429245,77.7824,3377530,3373120,33.8,0.009186,19.34,0.636
4,94.wav,1773844828.244258,78.5974,3413459,3409049,34.1,0.009796,24.01,0.742
4,95.wav,1773844829.163267,79.5164,3453468,3449058,35.9,0.045959,17.74,0.507
4,96.wav,1773844830.021171,80.3743,3492064,3487654,32.1,0.010193,17.15,0.598
4,97.wav,1773844830.922082,81.2752,3531687,3527277,34.1,0.012817,19.84,0.677
4,98.wav,1773844831.830008,82.1831,3571438,3567028,35.1,0.014557,22.25,0.628
5,0.wav,1773844841.968227,1.0407,10908,6498,35.8,0.045715,31.05,1.000
5,1.wav,1773844842.703679,1.7762,36558,32148,36.9,0.055817,28.77,1.000
5,2.wav,1773844843.450065,2.5226,69322,64912,38.4,0.064148,21.44,1.000
5,3.wav,1773844844.20388,3.2764,102556,98146,40.5,0.081726,23.70,1.000
5,4.wav,1773844844.957727,4.0302,135739,131329,41.7,0.096954,23.22,1.000
5,5.wav,1773844845.72813,4.8006,169845,165435,38.2,0.065063,21.55,1.000
5,6.wav,1773844846.47905,5.5515,202952,198542,38.8,0.069946,21.47,1.000
5,7.wav,1773844847.233498,6.3060,236398,231988,36.4,0.052002,20.59,1.000
5,8.wav,1773844848.046854,7.1194,272012,267602,38.2,0.065277,21.63,1.000
5,9.wav,1773844848.843608,7.9161,307138,302728,40.6,0.084351,23.13,1.000
5,10.wav,1773844849.614716,8.6872,341647,337237,34.9,0.042786,19.78,1.000
5,11.wav,1773844850.410108,9.4826,376317,371907,38.7,0.066315,19.62,1.000
5,12.wav,1773844851.154854,10.2274,409162,404752,38.2,0.064026,20.15,1.000
5,13.wav,1773844851.888692,10.9612,441442,437032,39.6,0.075500,20.05,1.000
5,14.wav,1773844852.689125,11.7616,476633,472223,39.9,0.077332,20.30,1.000
5,15.wav,1773844853.478705,12.5512,511697,507287,39.1,0.072632,21.96,1.000
5,16.wav,1773844854.243426,13.3159,545293,540883,40.4,0.082123,22.25,1.000
5,17.wav,1773844854.998484,14.0710,578716,574306,39.7,0.075104,23.36,1.000
5,18.wav,1773844855.803302,14.8758,614194,609784,39.2,0.070862,22.26,1.000
5,19.wav,1773844856.622049,15.6945,650220,645810,39.2,0.074799,24.72,1.000
5,20.wav,1773844857.443615,16.5161,686594,682184,37.8,0.060333,20.94,0.844
5,21.wav,1773844858.25206,17.3246,722202,717792,39.5,0.072571,21.18,0.824
5,22.wav,1773844859.070881,18.1434,758307,753897,37.9,0.060944,21.82,0.839
5,23.wav,1773844859.879071,18.9516,793825,789415,38.8,0.070404,20.95,0.803
5,24.wav,1773844860.660339,19.7328,828444,824034,36.2,0.050140,20.56,0.847
5,25.wav,1773844861.47044,20.5429,864168,859758,38.0,0.059418,19.39,0.808
5,26.wav,1773844862.291063,21.3636,900364,895954,37.6,0.060181,19.53,0.792
5,27.wav,1773844863.15806,22.2306,938682,934272,35.8,0.048676,20.21,0.700
5,28.wav,1773844863.909061,22.9816,971655,967245,38.9,0.066681,26.00,0.786
5,29.wav,1773844864.663291,23.7358,1004996,1000586,37.5,0.059570,19.11,0.689
5,30.wav,1773844865.473529,24.5460,1040598,1036188,38.2,0.064178,19.48,0.772
5,31.wav,1773844866.263573,25.3361,1075469,1071059,38.3,0.063660,21.08,0.783
5,32.wav,1773844867.053619,26.1261,1110370,1105960,37.3,0.057434,19.04,0.823
5,33.wav,1773844867.873488,26.9460,1146459,1142049,37.5,0.061310,22.55,0.844
5,34.wav,1773844868.673926,27.7464,1181770,1177360,38.0,0.062042,20.72,0.820
5,35.wav,1773844869.436008,28.5085,1215387,1210977,37.1,0.057526,21.30,0.865
5,36.wav,1773844870.165441,29.2379,1247646,1243236,36.6,0.052124,19.72,0.804
5,37.wav,1773844870.958963,30.0315,1282650,1278240,37.5,0.060455,20.01,0.784
5,38.wav,1773844871.724731,30.7972,1316561,1312151,35.9,0.051239,20.20,0.699
5,39.wav,1773844872.577931,31.6504,1354030,1349620,37.9,0.061554,21.19,0.839
5,40.wav,1773844873.354836,32.4273,1388425,1384015,36.1,0.050659,19.07,0.735
5,41.wav,1773844874.218577,33.2911,1426369,1421959,37.1,0.055603,22.18,0.827
5,42.wav,1773844875.038946,34.1114,1462579,1458169,37.5,0.057587,21.07,0.824
5,43.wav,1773844875.873253,34.9457,1499262,1494852,36.3,0.051636,19.21,0.762
5,44.wav,1773844876.672095,35.7446,1534481,1530071,35.7,0.048218,20.70,0.739
5,45.wav,1773844877.459353,36.5318,1569141,1564731,37.6,0.059052,20.63,0.858
5,46.wav,1773844878.246069,37.3186,1603972,1599562,36.7,0.055176,22.56,0.830
5,47.wav,1773844879.036955,38.1095,1638772,1634362,37.0,0.056702,22.36,0.792
5,48.wav,1773844879.803681,38.8762,1672596,1668186,38.4,0.064392,19.78,0.810
5,49.wav,1773844880.557193,39.6297,1705811,1701401,36.7,0.052979,18.33,0.806
5,50.wav,1773844881.373666,40.4462,1741930,1737520,36.2,0.050842,22.85,0.670
5,51.wav,1773844882.246047,41.3185,1780306,1775896,36.7,0.052948,20.03,0.769
5,52.wav,1773844883.076537,42.1490,1816978,1812568,35.8,0.049835,18.89,0.733
5,53.wav,1773844883.883885,42.9564,1852661,1848251,36.2,0.049652,19.77,0.812
5,54.wav,1773844884.681919,43.7544,1887802,1883392,39.1,0.067535,21.20,0.883
5,55.wav,1773844885.46995,44.5424,1922606,1918196,35.5,0.048218,20.12,0.830
5,56.wav,1773844886.261957,45.3345,1957458,1953048,36.8,0.051941,18.25,0.709
5,57.wav,1773844887.087923,46.1604,1993742,1989332,36.9,0.053375,20.25,0.880
5,58.wav,1773844887.904965,46.9775,2030006,2025596,36.1,0.050934,21.67,0.811
5,59.wav,1773844888.724743,47.7972,2066081,2061671,38.1,0.064209,21.21,0.773
5,60.wav,1773844889.556981,48.6295,2102846,2098436,36.8,0.055481,19.23,0.732
5,61.wav,1773844890.379189,49.4517,2139096,2134686,36.1,0.050873,18.07,0.681
5,62.wav,1773844891.230998,50.3035,2176790,2172380,34.1,0.040009,17.48,0.750
5,63.wav,1773844892.061749,51.1342,2213353,2208943,35.2,0.044525,19.96,0.755
5,64.wav,1773844892.908833,51.9813,2250650,2246240,36.0,0.050354,22.47,0.829
5,65.wav,1773844893.758494,52.8310,2288121,2283711,36.8,0.053894,20.78,0.794
5,66.wav,1773844894.560152,53.6326,2323424,2319014,36.5,0.053131,20.76,0.819
5,67.wav,1773844895.353425,54.4259,2358503,2354093,35.3,0.046021,26.46,0.721
5,68.wav,1773844896.23864,55.3111,2397434,2393024,36.7,0.053589,20.99,0.864
5,69.wav,1773844897.054688,56.1272,2433620,2429210,36.0,0.047943,18.79,0.813
5,70.wav,1773844897.881737,56.9542,2469893,2465483,37.8,0.060944,21.39,0.837
5,71.wav,1773844898.714269,57.7868,2506765,2502355,35.4,0.045868,20.39,0.875
5,72.wav,1773844899.524931,58.5974,2542409,2537999,35.5,0.045166,20.20,0.873
5,73.wav,1773844900.302976,59.3755,2576662,2572252,36.3,0.051300,21.34,0.872
5,74.wav,1773844901.089661,60.1622,2611262,2606852,36.5,0.051819,20.56,0.836
5,75.wav,1773844901.933117,61.0056,2648587,2644177,36.6,0.053680,20.22,0.753
5,76.wav,1773844902.755283,61.8278,2684869,2680459,36.5,0.050446,19.17,0.770
5,77.wav,1773844903.604963,62.6775,2722455,2718045,36.8,0.053345,21.18,0.822
5,78.wav,1773844904.438837,63.5113,2759275,2754865,35.5,0.048462,21.96,0.706
5,79.wav,1773844905.243245,64.3157,2794843,2790433,34.1,0.039734,22.48,0.598
5,80.wav,1773844906.03372,65.1062,2829497,2825087,36.9,0.055603,22.65,0.797
5,81.wav,1773844906.811712,65.8842,2863898,2859488,36.5,0.051727,20.13,0.784
5,82.wav,1773844907.575588,66.6481,2897422,2893012,36.2,0.051300,20.21,0.748
5,83.wav,1773844908.356823,67.4293,2931963,2927553,36.7,0.053558,29.66,0.749
5,84.wav,1773844909.193659,68.2662,2968824,2964414,36.2,0.050140,21.74,0.756
5,85.wav,1773844910.021803,69.0943,3005281,3000871,35.8,0.048584,20.49,0.724
5,86.wav,1773844910.859986,69.9325,3042332,3037922,37.0,0.053894,22.23,0.850
5,87.wav,1773844911.681628,70.7541,3078539,3074129,36.6,0.053131,19.70,0.780
5,88.wav,1773844912.527581,71.6001,3115707,3111297,35.8,0.049225,21.20,0.818
5,89.wav,1773844913.326053,72.3985,3151059,3146649,36.4,0.051086,19.75,0.767
5,90.wav,1773844914.188827,73.2613,3188979,3184569,37.6,0.060181,20.66,0.848
5,91.wav,1773844915.048707,74.1212,3227033,3222623,37.3,0.058411,22.63,0.790
5,92.wav,1773844915.838783,74.9113,3261897,3257487,35.2,0.044800,19.83,0.773
5,93.wav,1773844916.67487,75.7474,3298757,3294347,36.4,0.051819,21.23,0.854
5,94.wav,1773844917.541151,76.6136,3337290,3332880,32.5,0.033264,19.71,0.763
5,95.wav,1773844918.402975,77.4755,3374855,3370445,36.2,0.049835,20.75,0.774
5,96.wav,1773844919.228233,78.3007,3411186,3406776,37.0,0.056244,23.54,0.877
5,97.wav,1773844920.07963,79.1521,3449027,3444617,35.7,0.049194,21.00,0.710
5,98.wav,1773844920.929735,80.0022,3486319,3481909,38.1,0.064362,23.61,0.826
5,99.wav,1773844921.790792,80.8633,3524325,3519915,35.6,0.048370,20.31,0.729
6,0.wav,1773844932.327659,1.2655,21523,17113,41.7,0.101837,28.95,1.000
6,1.wav,1773844933.034128,1.9720,52729,48319,39.7,0.078766,26.93,1.000
6,2.wav,1773844933.753017,2.6909,84285,79875,42.7,0.111298,27.27,1.000
6,3.wav,1773844934.551582,3.4895,119602,115192,40.8,0.090027,24.82,1.000
6,4.wav,1773844935.350441,4.2883,154914,150504,40.9,0.089996,24.72,1.000
6,5.wav,1773844936.125004,5.0629,189162,184752,40.7,0.086853,25.25,1.000
6,6.wav,1773844936.90029,5.8382,223261,218851,41.5,0.095367,22.69,1.000
6,7.wav,1773844937.648729,6.5866,256186,251776,41.2,0.095123,25.46,1.000
6,8.wav,1773844938.450594,7.3885,291560,287150,42.4,0.105103,24.84,1.000
6,9.wav,1773844939.231705,8.1696,325969,321559,42.6,0.112061,24.06,1.000
6,10.wav,1773844940.032402,8.9703,361222,356812,44.5,0.134888,26.45,1.000
6,11.wav,1773844940.878497,9.8164,398501,394091,41.3,0.094818,25.03,1.000
6,12.wav,1773844941.677583,10.6155,433720,429310,42.3,0.105743,25.14,1.000
6,13.wav,1773844942.469521,11.4074,468652,464242,44.1,0.128998,27.38,1.000
6,14.wav,1773844943.271646,12.2095,504025,499615,43.7,0.125732,26.39,1.000
6,15.wav,1773844944.079624,13.0175,539687,535277,41.4,0.093994,26.83,1.000
6,16.wav,1773844944.827986,13.7659,572778,568368,41.4,0.094208,25.18,1.000
6,17.wav,1773844945.654104,14.5920,609055,604645,44.4,0.134186,27.02,1.000
6,18.wav,1773844946.453181,15.3911,644384,639974,42.5,0.108337,25.12,1.000
6,19.wav,1773844947.257763,16.1956,679768,675358,44.7,0.139252,24.81,1.000
6,20.wav,1773844948.031468,16.9694,713876,709466,44.1,0.132507,28.54,0.959
6,21.wav,1773844948.816551,17.7544,748575,744165,43.1,0.114014,26.36,0.958
6,22.wav,1773844949.58983,18.5277,782800,778390,41.6,0.095337,23.22,0.816
6,23.wav,1773844950.41064,19.3485,818961,814551,42.6,0.104828,24.43,0.936
6,24.wav,1773844951.227685,20.1656,855019,850609,41.8,0.098694,26.49,0.925
6,25.wav,1773844952.054459,20.9923,891399,886989,43.5,0.117676,26.84,0.943
6,26.wav,1773844952.880625,21.8185,927875,923465,42.2,0.104309,26.45,0.947
6,27.wav,1773844953.662516,22.6004,962286,957876,42.6,0.114380,27.58,0.900
6,28.wav,1773844954.424527,23.3624,995851,991441,42.3,0.103546,25.36,0.950
6,29.wav,1773844955.205286,24.1432,1030172,1025762,43.4,0.119446,26.32,0.941
6,30.wav,1773844956.003037,24.9409,1065605,1061195,42.2,0.104797,26.47,0.890
6,31.wav,1773844956.83946,25.7773,1102408,1097998,43.6,0.121246,24.55,0.909
6,32.wav,1773844957.661314,26.5992,1138637,1134227,43.2,0.114014,26.16,0.957
6,33.wav,1773844958.511697,27.4496,1176209,1171799,42.1,0.102112,27.67,0.942
6,34.wav,1773844959.311602,28.2495,1211542,1207132,42.1,0.102661,26.53,0.934
6,35.wav,1773844960.136129,29.0740,1247802,1243392,43.1,0.109741,26.19,0.975
6,36.wav,1773844960.960318,29.8982,1284333,1279923,40.3,0.086334,27.45,0.920
6,37.wav,1773844961.706537,30.6444,1317259,1312849,41.6,0.095428,24.39,0.921
6,38.wav,1773844962.493149,31.4310,1351710,1347300,43.7,0.120605,26.66,0.945
6,39.wav,1773844963.279337,32.2172,1386500,1382090,41.8,0.096771,24.54,0.916
6,40.wav,1773844964.057734,32.9956,1420773,1416363,41.4,0.099304,26.66,0.942
6,41.wav,1773844964.869621,33.8075,1456761,1452351,39.9,0.080444,23.14,0.922
6,42.wav,1773844965.678636,34.6165,1492237,1487827,42.5,0.106049,26.23,0.887
6,43.wav,1773844966.463202,35.4011,1526927,1522517,39.5,0.077759,23.91,0.866
6,44.wav,1773844967.245968,36.1839,1561714,1557304,40.3,0.085419,24.07,0.791
6,45.wav,1773844968.064741,37.0026,1597566,1593156,42.2,0.102081,25.63,0.963
6,46.wav,1773844968.888693,37.8266,1633763,1629353,43.2,0.116943,28.11,0.942
6,47.wav,1773844969.699222,38.6371,1669789,1665379,40.5,0.085632,25.13,0.875
6,48.wav,1773844970.527493,39.4654,1706227,1701817,40.7,0.084778,22.96,0.870
6,49.wav,1773844971.309723,40.2476,1740783,1736373,41.8,0.095642,23.87,0.876
6,50.wav,1773844972.067715,41.0056,1774192,1769782,39.4,0.078918,24.43,0.899
6,51.wav,1773844972.876086,41.8140,1809763,1805353,41.3,0.095398,25.06,0.905
6,52.wav,1773844973.71315,42.6510,1846725,1842315,40.7,0.092041,26.63,0.905
6,53.wav,1773844974.553141,43.4910,1883696,1879286,41.0,0.087616,25.79,0.978
6,54.wav,1773844975.431781,44.3697,1922510,1918100,40.4,0.084930,22.82,0.814
6,55.wav,1773844976.292486,45.2304,1960627,1956217,39.7,0.076752,23.99,0.913
6,56.wav,1773844977.140456,46.0783,1997833,1993423,40.2,0.081696,23.79,0.891
6,57.wav,1773844978.012038,46.9499,2036381,2031971,40.0,0.083862,24.65,0.835
6,58.wav,1773844978.823164,47.7610,2071945,2067535,42.9,0.113464,27.15,0.877
6,59.wav,1773844979.66577,48.6037,2109239,2104829,41.7,0.099457,25.40,0.793
6,60.wav,1773844980.493655,49.4315,2145698,2141288,42.4,0.105896,23.74,0.873
6,61.wav,1773844981.32552,50.2634,2182326,2177916,41.4,0.097900,25.32,0.944
6,62.wav,1773844982.171345,51.1092,2219647,2215237,41.2,0.096130,24.92,0.883
6,63.wav,1773844982.999336,51.9372,2256236,2251826,41.1,0.093506,27.22,0.911
6,64.wav,1773844983.864026,52.8019,2294410,2290000,40.0,0.078369,22.24,0.872
6,65.wav,1773844984.689791,53.6277,2330806,2326396,40.6,0.090149,27.17,0.892
6,66.wav,1773844985.552401,54.4903,2368776,2364366,39.3,0.076019,24.27,0.843
6,67.wav,1773844986.430325,55.3682,2407383,2402973,40.6,0.089935,23.36,0.829
6,68.wav,1773844987.244628,56.1825,2443844,2439434,35.2,0.050446,24.45,0.774
6,69.wav,1773844988.115821,57.0537,2481812,2477402,41.5,0.096252,25.57,0.875
6,70.wav,1773844988.926635,57.8645,2517668,2513258,38.9,0.074219,23.73,0.892
6,71.wav,1773844989.804047,58.7419,2556295,2551885,39.9,0.081879,25.18,0.934
6,72.wav,1773844990.703069,59.6410,2595911,2591501,40.6,0.087646,25.97,0.892
6,73.wav,1773844991.539723,60.4776,2632964,2628554,38.9,0.070892,22.28,0.792
6,74.wav,1773844992.393483,61.3314,2670499,2666089,38.4,0.071289,24.70,0.824
6,75.wav,1773844993.174566,62.1124,2704961,2700551,40.1,0.083832,24.01,0.897
6,76.wav,1773844994.004104,62.9420,2741463,2737053,40.8,0.089905,25.33,0.895
6,77.wav,1773844994.823031,63.7609,2777638,2773228,41.9,0.101318,27.28,0.970
6,78.wav,1773844995.674014,64.6119,2815157,2810747,40.5,0.086792,24.57,0.875
6,79.wav,1773844996.537824,65.4757,2853325,2848915,41.1,0.091644,25.57,0.903
6,80.wav,1773844997.362506,66.3004,2889643,2885233,40.8,0.087738,23.77,0.902
6,81.wav,1773844998.186478,67.1244,2925896,2921486,40.8,0.090912,24.54,0.912
6,82.wav,1773844999.018675,67.9566,2962653,2958243,40.0,0.082489,25.49,0.900
6,83.wav,1773844999.859297,68.7972,2999964,2995554,39.9,0.079956,30.31,0.696
6,84.wav,1773845000.688563,69.6264,3043153,3038743,43.4,0.125702,36.36,0.800
6,85.wav,1773845001.566004,70.5039,3075084,3070674,39.9,0.079376,24.71,0.890
6,86.wav,1773845002.385806,71.3237,3111221,3106811,39.9,0.084137,26.45,0.885
6,87.wav,1773845003.203964,72.1418,3147140,3142730,43.4,0.118988,27.20,0.910
6,88.wav,1773845004.068578,73.0065,3185247,3180837,42.5,0.111359,27.35,0.862
6,89.wav,1773845004.887572,73.8255,3221527,3217117,41.6,0.098511,24.97,0.822
6,90.wav,1773845005.698506,74.6364,3257230,3252820,40.3,0.086182,25.57,0.866
6,91.wav,1773845006.594309,75.5322,3297010,3292600,37.3,0.062897,22.32,0.798
6,92.wav,1773845007.483552,76.4214,3335907,3331497,41.1,0.091644,23.14,0.903
6,93.wav,1773845008.339587,77.2775,3373672,3369262,42.2,0.104675,26.11,0.905
6,94.wav,1773845009.182816,78.1207,3410904,3406494,40.6,0.087799,27.06,0.980
6,95.wav,1773845009.995472,78.9334,3446941,3442531,39.2,0.075043,24.10,0.881
6,96.wav,1773845010.848409,79.7863,3484356,3479946,40.4,0.087860,23.31,0.835
6,97.wav,1773845011.6726,80.6105,3520674,3516264,41.1,0.091156,24.08,0.876
6,98.wav,1773845012.520378,81.4583,3558046,3553636,41.8,0.098877,23.99,0.855
6,99.wav,1773845013.463882,82.4018,3599952,3595542,39.6,0.079865,24.16,0.815
7,0.wav,1773845266.765201,1.0946,6607,2197,31.3,0.046082,44.57,1.000
7,1.wav,1773845267.56328,1.8927,30178,25768,44.6,0.121002,24.94,1.000
7,2.wav,1773845268.372279,2.7017,65875,61465,46.4,0.145996,25.32,1.000
7,3.wav,1773845269.15647,3.4859,100507,96097,44.6,0.123077,23.67,1.000
7,4.wav,1773845269.936454,4.2659,135111,130701,41.4,0.090240,21.96,1.000
7,5.wav,1773845270.719838,5.0492,169612,165202,43.2,0.107513,26.56,1.000
7,6.wav,1773845271.541288,5.8707,205754,201344,44.8,0.129669,27.28,1.000
7,7.wav,1773845272.354312,6.6837,241648,237238,42.9,0.104950,26.10,1.000
7,8.wav,1773845273.162543,7.4920,277346,272936,40.6,0.083405,23.65,1.000
7,9.wav,1773845273.942258,8.2717,311909,307499,39.8,0.073364,30.25,1.000
7,10.wav,1773845274.756476,9.0859,347624,343214,40.2,0.077515,24.42,1.000
7,11.wav,1773845275.566758,9.8962,383351,378941,42.7,0.098541,23.58,1.000
7,12.wav,1773845276.435323,10.7647,421597,417187,42.9,0.105804,24.51,1.000
7,13.wav,1773845277.285335,11.6147,459082,454672,42.6,0.100769,25.77,1.000
7,14.wav,1773845278.115213,12.4446,495688,491278,44.7,0.122864,24.89,1.000
7,15.wav,1773845278.950282,13.2797,532421,528011,43.8,0.118683,25.34,1.000
7,16.wav,1773845279.752309,14.0817,567953,563543,44.3,0.117950,26.08,1.000
7,17.wav,1773845280.56023,14.8896,603902,599492,38.2,0.064636,33.74,1.000
7,18.wav,1773845281.3902,15.7196,640173,635763,40.8,0.086060,23.13,1.000
7,19.wav,1773845282.216679,16.5461,676551,672141,41.9,0.090851,23.02,1.000
7,20.wav,1773845283.009363,17.3388,711830,707420,38.9,0.070465,26.66,0.769
7,21.wav,1773845283.781793,18.1112,745690,741280,42.3,0.097565,26.21,0.934
7,22.wav,1773845284.544236,18.8736,779289,774879,41.5,0.088470,30.26,0.835
7,23.wav,1773845285.327256,19.6567,813836,809426,42.2,0.094940,25.14,0.890
7,24.wav,1773845286.062272,20.3917,846081,841671,43.7,0.110870,25.69,0.953
7,25.wav,1773845286.826629,21.1560,880082,875672,39.0,0.070068,32.85,0.657
7,26.wav,1773845287.635876,21.9653,915732,911322,38.9,0.070251,23.48,0.652
7,27.wav,1773845288.338762,22.6682,946749,942339,41.9,0.091827,24.59,0.882
7,28.wav,1773845289.117613,23.4470,980984,976574,40.7,0.085297,24.93,0.876
7,29.wav,1773845289.914433,24.2438,1016332,1011922,38.7,0.068787,24.55,0.794
7,30.wav,1773845290.636156,24.9656,1047891,1043481,42.3,0.097748,26.35,0.914
7,31.wav,1773845291.396643,25.7261,1081373,1076963,43.4,0.103180,24.51,0.920
7,32.wav,1773845292.157146,26.4866,1115113,1110703,41.2,0.088257,25.79,0.795
7,33.wav,1773845293.000907,27.3303,1152207,1147797,40.9,0.088806,26.21,0.907
7,34.wav,1773845293.814153,28.1436,1187985,1183575,43.7,0.112244,24.46,0.858
7,35.wav,1773845294.602234,28.9316,1222892,1218482,41.3,0.087250,24.74,0.849
7,36.wav,1773845295.382713,29.7121,1257124,1252714,43.6,0.108429,24.60,0.853
7,37.wav,1773845296.126695,30.4561,1290157,1285747,38.9,0.069977,26.63,0.650
7,38.wav,1773845296.902239,31.2316,1324333,1319923,40.9,0.086426,22.82,0.848
7,39.wav,1773845297.672225,32.0016,1358205,1353795,41.5,0.087189,22.90,0.913
7,40.wav,1773845298.486436,32.8158,1394024,1389614,42.1,0.091095,24.76,0.928
7,41.wav,1773845299.261169,33.5906,1428344,1423934,41.0,0.082611,22.49,0.902
7,42.wav,1773845300.012195,34.3416,1461371,1456961,42.6,0.099609,24.01,0.912
7,43.wav,1773845300.815265,35.1447,1496736,1492326,44.9,0.130524,23.99,0.930
7,44.wav,1773845301.609717,35.9391,1531669,1527259,45.2,0.130219,23.62,0.956
7,45.wav,1773845302.379685,36.7091,1565835,1561425,41.6,0.090515,27.57,0.859
7,46.wav,1773845303.19425,37.5237,1601658,1597248,43.0,0.104584,22.70,0.869
7,47.wav,1773845303.962063,38.2915,1635655,1631245,41.9,0.093933,23.68,0.890
7,48.wav,1773845304.799715,39.1291,1672322,1667912,43.5,0.109985,23.37,0.906
7,49.wav,1773845305.576599,39.9060,1706816,1702406,40.0,0.076843,29.46,0.710
7,50.wav,1773845306.387234,40.7166,1742410,1738000,43.2,0.111206,24.66,0.882
7,51.wav,1773845307.165628,41.4950,1776939,1772529,43.0,0.102417,24.79,0.931
7,52.wav,1773845307.923103,42.2525,1810304,1805894,42.7,0.096497,23.42,0.938
7,53.wav,1773845308.721037,43.0504,1845349,1840939,42.0,0.089569,22.93,0.922
7,54.wav,1773845309.505239,43.8346,1880073,1875663,43.8,0.111053,25.21,0.944
7,55.wav,1773845310.251138,44.5805,1912855,1908445,45.0,0.121277,24.02,0.950
7,56.wav,1773845310.957621,45.2870,1944223,1939813,41.9,0.092102,23.74,0.910
7,57.wav,1773845311.739517,46.0689,1978656,1974246,41.3,0.089050,23.50,0.903
7,58.wav,1773845312.499861,46.8293,2012235,2007825,42.3,0.095367,22.93,0.937
7,59.wav,1773845313.338657,47.6681,2049067,2044657,41.0,0.084106,23.21,0.889
7,60.wav,1773845314.087214,48.4166,2082196,2077786,42.8,0.101959,21.71,0.893
7,61.wav,1773845314.837647,49.1671,2115224,2110814,40.8,0.086334,21.60,0.901
7,62.wav,1773845315.620332,49.9497,2149772,2145362,41.2,0.088104,23.08,0.889
7,63.wav,1773845316.366275,50.6957,2182562,2178152,41.5,0.091888,23.54,0.931
7,64.wav,1773845317.140435,51.4698,2216782,2212372,41.4,0.086823,20.58,0.853
7,65.wav,1773845317.929447,52.2589,2251623,2247213,40.8,0.085541,23.03,0.915
7,66.wav,1773845318.675583,53.0050,2284456,2280046,43.0,0.105927,23.47,0.947
7,67.wav,1773845319.420165,53.7496,2317342,2312932,40.3,0.079041,24.64,0.822
7,68.wav,1773845320.15758,54.4870,2350053,2345643,39.6,0.069122,20.39,0.880
7,69.wav,1773845320.923724,55.2531,2383857,2379447,38.9,0.068481,22.60,0.893
7,70.wav,1773845321.727918,56.0573,2419197,2414787,40.2,0.074615,21.99,0.846
7,71.wav,1773845322.539617,56.8690,2454950,2450540,41.0,0.086578,24.26,0.870
7,72.wav,1773845323.358031,57.6874,2491067,2486657,41.7,0.090790,21.70,0.926
7,73.wav,1773845324.110035,58.4394,2524312,2519902,39.0,0.066193,21.27,0.863
7,74.wav,1773845324.868618,59.1980,2557675,2553265,39.3,0.070557,22.78,0.933
7,75.wav,1773845325.638107,59.9675,2591609,2587199,41.3,0.087067,22.51,0.908
7,76.wav,1773845326.384334,60.7137,2624606,2620196,41.4,0.085388,21.98,0.920
7,77.wav,1773845327.146511,61.4759,2658234,2653824,40.3,0.074738,24.01,0.791
7,78.wav,1773845327.949786,62.2792,2693536,2689126,41.1,0.087006,25.77,0.845
7,79.wav,1773845328.710268,63.0397,2727200,2722790,41.4,0.085358,22.97,0.941
7,80.wav,1773845329.470112,63.7995,2760370,2755960,43.8,0.111389,23.31,0.917
7,81.wav,1773845330.233232,64.5626,2794196,2789786,41.5,0.087708,23.72,0.899
7,82.wav,1773845331.037496,65.3669,2829782,2825372,42.0,0.089813,23.90,0.945
7,83.wav,1773845331.875585,66.2050,2866539,2862129,41.0,0.085083,23.68,0.934
7,84.wav,1773845332.636716,66.9661,2900205,2895795,42.0,0.092255,22.82,0.927
7,85.wav,1773845333.411695,67.7411,2934295,2929885,43.0,0.099030,24.25,0.902
7,86.wav,1773845334.218957,68.5484,2970072,2965662,40.6,0.079956,23.74,0.908
7,87.wav,1773845334.981039,69.3104,3003636,2999226,40.6,0.078125,23.70,0.913
7,88.wav,1773845335.776446,70.1059,3038624,3034214,41.9,0.094086,23.86,0.907
7,89.wav,1773845336.576134,70.9055,3073892,3069482,41.7,0.093872,26.36,0.881
7,90.wav,1773845337.365391,71.6948,3108618,3104208,42.0,0.096985,23.95,0.915
7,91.wav,1773845338.133184,72.4626,3142607,3138197,41.0,0.089203,22.97,0.897
7,92.wav,1773845338.967368,73.2968,3179423,3175013,40.6,0.082581,23.41,0.901
7,93.wav,1773845339.777661,74.1071,3215217,3210807,39.9,0.073395,21.52,0.863
7,94.wav,1773845340.578905,74.9083,3250654,3246244,39.8,0.077332,19.50,0.776
7,95.wav,1773845341.384743,75.7142,3286000,3281590,39.6,0.070953,21.60,0.907
7,96.wav,1773845342.160939,76.4903,3320366,3315956,41.1,0.084747,23.01,0.936
7,97.wav,1773845342.98854,77.3180,3356709,3352299,40.6,0.080139,21.36,0.764
7,98.wav,1773845343.805373,78.1348,3392903,3388493,39.7,0.076569,22.00,0.802
7,99.wav,1773845344.679886,79.0093,3431316,3426906,40.8,0.081757,20.32,0.785
8,0.wav,1773845356.92324,1.1893,4410,0,23.8,0.026703,31.80,1.000
8,1.wav,1773845357.648206,1.9143,33522,29112,42.5,0.113525,22.70,1.000
8,2.wav,1773845358.428506,2.6946,68015,63605,43.4,0.126160,22.30,1.000
8,3.wav,1773845359.221786,3.4878,102927,98517,42.6,0.114532,21.31,1.000
8,4.wav,1773845359.993483,4.2595,137099,132689,41.4,0.100281,21.96,1.000
8,5.wav,1773845360.747399,5.0134,170439,166029,39.6,0.081940,20.90,1.000
8,6.wav,1773845361.528927,5.7950,204779,200369,41.7,0.102112,21.51,1.000
8,7.wav,1773845362.377089,6.6431,242155,237745,41.4,0.096680,20.50,1.000
8,8.wav,1773845363.133677,7.3997,275517,271107,41.8,0.103760,22.26,1.000
8,9.wav,1773845363.937103,8.2032,311036,306626,40.0,0.083984,20.17,1.000
8,10.wav,1773845364.702984,8.9690,344777,340367,40.1,0.080719,17.29,1.000
8,11.wav,1773845365.490017,9.7561,379429,375019,41.4,0.097656,20.63,1.000
8,12.wav,1773845366.254822,10.5209,413250,408840,39.8,0.079834,19.95,1.000
8,13.wav,1773845367.008046,11.2741,446469,442059,38.9,0.073578,19.53,1.000
8,14.wav,1773845367.826414,12.0925,482449,478039,39.1,0.074982,19.97,1.000
8,15.wav,1773845368.638414,12.9045,518304,513894,39.4,0.075012,18.44,1.000
8,16.wav,1773845369.417195,13.6832,552612,548202,41.5,0.098602,20.41,1.000
8,17.wav,1773845370.1748,14.4408,586039,581629,39.0,0.074310,21.12,1.000
8,18.wav,1773845370.94059,15.2066,619898,615488,38.9,0.074219,20.13,1.000
8,19.wav,1773845371.738429,16.0045,655074,650664,41.1,0.092133,20.20,1.000
8,20.wav,1773845372.543227,16.8093,690607,686197,39.2,0.078583,18.63,0.876
8,21.wav,1773845373.336002,17.6020,725569,721159,38.5,0.070404,19.94,0.983
8,22.wav,1773845374.132182,18.3982,760687,756277,38.5,0.070343,19.41,0.958
8,23.wav,1773845374.919654,19.1857,795454,791044,39.6,0.082611,20.61,0.961
8,24.wav,1773845375.69912,19.9652,829718,825308,39.6,0.080872,20.17,0.972
8,25.wav,1773845376.499949,20.7660,865114,860704,39.1,0.076843,20.11,0.976
8,26.wav,1773845377.285619,21.5517,899894,895484,37.6,0.063354,18.26,0.946
8,27.wav,1773845378.15312,22.4192,937904,933494,39.4,0.079224,20.28,0.970
8,28.wav,1773845378.964756,23.2308,973666,969256,40.4,0.090790,22.30,0.962
8,29.wav,1773845379.711968,23.9780,1006752,1002342,39.3,0.076080,20.74,0.898
8,30.wav,1773845380.57269,24.8387,1044620,1040210,41.4,0.098389,20.46,0.945
8,31.wav,1773845381.431713,25.6978,1082500,1078090,40.7,0.091888,20.23,0.942
8,32.wav,1773845382.23152,26.4976,1117825,1113415,39.8,0.082733,19.67,0.951
8,33.wav,1773845383.100776,27.3668,1156127,1151717,37.8,0.068512,18.81,0.860
8,34.wav,1773845383.895857,28.1619,1191283,1186873,37.0,0.062897,17.26,0.793
8,35.wav,1773845384.704823,28.9709,1226978,1222568,38.2,0.069305,24.75,0.893
8,36.wav,1773845385.56625,29.8323,1264868,1260458,40.9,0.094666,22.17,0.982
8,37.wav,1773845386.378015,30.6441,1300873,1296463,36.3,0.056519,19.58,0.926
8,38.wav,1773845387.163813,31.4299,1335469,1331059,36.7,0.057861,19.14,0.933
8,39.wav,1773845387.991834,32.2579,1371900,1367490,37.6,0.065033,19.03,0.930
8,40.wav,1773845388.799718,33.0658,1407507,1403097,39.0,0.076569,20.40,0.942
8,41.wav,1773845389.566448,33.8325,1441403,1436993,38.2,0.068787,20.21,0.930
8,42.wav,1773845390.392695,34.6587,1477722,1473312,40.2,0.085297,19.13,0.970
8,43.wav,1773845391.209638,35.4757,1513677,1509267,41.0,0.099915,21.55,0.954
8,44.wav,1773845392.030573,36.2966,1549777,1545367,42.6,0.116974,22.08,0.973
8,45.wav,1773845392.768453,37.0345,1582480,1578070,37.8,0.065033,25.02,0.918
8,46.wav,1773845393.562142,37.8282,1617477,1613067,39.8,0.083618,20.84,0.960
8,47.wav,1773845394.373787,38.6398,1653434,1649024,37.6,0.065155,20.81,0.961
8,48.wav,1773845395.123774,39.3898,1686465,1682055,38.8,0.071381,19.04,0.955
8,49.wav,1773845395.879541,40.1456,1719657,1715247,40.6,0.091522,21.39,0.977
8,50.wav,1773845396.667281,40.9333,1754575,1750165,37.8,0.067474,19.00,0.921
8,51.wav,1773845397.448454,41.7145,1788939,1784529,38.9,0.077118,20.40,0.926
8,52.wav,1773845398.247505,42.5136,1824241,1819831,39.2,0.077911,20.74,0.942
8,53.wav,1773845398.982894,43.2489,1856586,1852176,38.4,0.070343,18.49,0.961
8,54.wav,1773845399.786069,44.0521,1891938,1887528,38.6,0.074402,22.00,0.900
8,55.wav,1773845400.538652,44.8047,1925146,1920736,41.0,0.097504,22.02,0.968
8,56.wav,1773845401.321491,45.5875,1959631,1955221,40.3,0.085907,19.62,0.937
8,57.wav,1773845402.12467,46.3907,1995054,1990644,38.6,0.070831,19.58,0.935
8,58.wav,1773845402.924751,47.1908,2030447,2026037,39.8,0.083435,20.10,0.943
8,59.wav,1773845403.708879,47.9749,2065021,2060611,39.5,0.077637,24.74,0.908
8,60.wav,1773845404.500663,48.7667,2099847,2095437,40.2,0.087982,20.49,0.929
8,61.wav,1773845405.281721,49.5478,2134331,2129921,40.3,0.089508,21.17,0.947
8,62.wav,1773845406.029839,50.2959,2167293,2162883,40.9,0.094757,20.24,0.944
8,63.wav,1773845406.824703,51.0907,2202341,2197931,41.0,0.094177,21.15,0.949
8,64.wav,1773845407.627709,51.8938,2237927,2233517,38.6,0.072021,19.79,0.873
8,65.wav,1773845408.449775,52.7158,2274159,2269749,39.1,0.075684,20.60,0.936
8,66.wav,1773845409.245806,53.5119,2309142,2304732,40.4,0.088989,22.40,0.984
8,67.wav,1773845410.045742,54.3118,2344449,2340039,39.3,0.077179,21.00,0.958
8,68.wav,1773845410.858691,55.1247,2380175,2375765,40.3,0.084869,21.19,0.958
8,69.wav,1773845411.670924,55.9370,2416076,2411666,40.4,0.087006,20.69,0.958
8,70.wav,1773845412.4347,56.7007,2449735,2445325,39.7,0.080414,20.97,0.963
8,71.wav,1773845413.227163,57.4932,2484718,2480308,40.4,0.084534,19.21,0.912
8,72.wav,1773845414.076371,58.3424,2522102,2517692,41.0,0.097534,22.85,0.975
8,73.wav,1773845414.844342,59.1104,2555949,2551539,41.0,0.096680,20.16,0.949
8,74.wav,1773845415.623631,59.8897,2590438,2586028,38.9,0.073608,22.65,0.921
8,75.wav,1773845416.40228,60.6683,2624635,2620225,41.9,0.106873,21.30,0.972
8,76.wav,1773845417.198587,61.4646,2659855,2655445,39.3,0.077637,19.22,0.947
8,77.wav,1773845417.970256,62.2363,2693816,2689406,41.6,0.098877,19.75,0.966
8,78.wav,1773845418.787826,63.0539,2729878,2725468,39.7,0.080261,19.45,0.962
8,79.wav,1773845419.588218,63.8543,2765345,2760935,38.6,0.070496,18.82,0.943
8,80.wav,1773845420.350233,64.6163,2798960,2794550,38.2,0.068115,25.23,0.917
8,81.wav,1773845421.15354,65.4196,2834269,2829859,39.7,0.083405,20.18,0.904
8,82.wav,1773845421.989439,66.2555,2871139,2866729,39.3,0.080261,19.93,0.952
8,83.wav,1773845422.819162,67.0852,2907698,2903288,39.9,0.082520,20.72,0.974
8,84.wav,1773845423.662678,67.9287,2944976,2940566,39.7,0.082275,20.25,0.966
8,85.wav,1773845424.461539,68.7276,2980206,2975796,40.1,0.083069,19.61,0.975
8,86.wav,1773845425.24959,69.5156,3014873,3010463,39.3,0.077972,19.90,0.965
8,87.wav,1773845426.058439,70.3245,3050552,3046142,39.1,0.075073,20.37,0.961
8,88.wav,1773845427.073649,71.3397,3095707,3091297,37.1,0.059143,19.26,0.952
8,89.wav,1773845427.849763,72.1158,3129606,3125196,42.1,0.108093,20.85,0.964
8,90.wav,1773845428.656727,72.9228,3165083,3160673,42.1,0.107208,19.89,0.951
8,91.wav,1773845429.491381,73.7574,3202037,3197627,40.5,0.088989,19.57,0.922
8,92.wav,1773845430.30603,74.5721,3237949,3233539,38.8,0.072906,23.86,0.884
8,93.wav,1773845431.145652,75.4117,3274950,3270540,39.5,0.078278,18.74,0.964
8,94.wav,1773845431.910393,76.1764,3308586,3304176,40.3,0.083466,18.92,0.961
8,95.wav,1773845432.69642,76.9625,3343345,3338935,38.2,0.067383,18.89,0.953
8,96.wav,1773845433.516505,77.7826,3379461,3375051,39.5,0.078888,22.97,0.916
8,97.wav,1773845434.31466,78.5807,3414757,3410347,39.7,0.081940,21.64,0.928
8,98.wav,1773845435.097989,79.3640,3449343,3444933,39.1,0.079865,21.93,0.910
8,99.wav,1773845435.849955,80.1160,3482477,3478067,39.3,0.079987,21.03,0.889
9,0.wav,1773845448.642653,1.2970,12926,8516,34.5,0.013458,19.59,1.000
9,1.wav,1773845449.461593,2.1159,48886,44476,36.7,0.018036,19.15,1.000
9,2.wav,1773845450.247091,2.9014,83569,79159,36.8,0.017944,18.11,1.000
9,3.wav,1773845451.136716,3.7911,122723,118313,37.1,0.018921,17.84,1.000
9,4.wav,1773845451.920549,4.5749,157068,152658,38.9,0.023773,16.65,1.000
9,5.wav,1773845452.701971,5.3563,191758,187348,36.3,0.017822,19.30,1.000
9,6.wav,1773845453.487381,6.1417,226400,221990,36.3,0.017761,17.51,1.000
9,7.wav,1773845454.307856,6.9622,262676,258266,36.0,0.017334,21.83,1.000
9,8.wav,1773845455.10522,7.7596,297671,293261,37.0,0.019684,16.93,1.000
9,9.wav,1773845455.930662,8.5850,334215,329805,35.8,0.016541,17.18,1.000
9,10.wav,1773845456.846628,9.5010,374496,370086,36.8,0.019012,17.39,1.000
9,11.wav,1773845457.682803,10.3371,411375,406965,37.2,0.019226,17.07,1.000
9,12.wav,1773845458.515918,11.1703,448137,443727,37.2,0.020508,17.33,1.000
9,13.wav,1773845459.401486,12.0558,487202,482792,38.3,0.022095,17.69,1.000
9,14.wav,1773845460.265847,12.9202,525446,521036,36.8,0.019257,17.83,1.000
9,15.wav,1773845461.146726,13.8011,564256,559846,37.0,0.018372,17.80,1.000
9,16.wav,1773845461.925338,14.5797,598555,594145,37.2,0.019775,18.01,1.000
9,17.wav,1773845462.809562,15.4639,637525,633115,36.3,0.017731,18.43,1.000
9,18.wav,1773845463.656508,16.3109,674898,670488,36.6,0.018402,18.77,1.000
9,19.wav,1773845464.499558,17.1539,712057,707647,37.3,0.019684,17.44,1.000
9,20.wav,1773845465.308004,17.9623,747932,743522,33.7,0.013092,16.52,0.779
9,21.wav,1773845466.181534,18.8359,786329,781919,35.6,0.016846,19.35,0.923
9,22.wav,1773845467.005504,19.6598,822572,818162,37.1,0.019806,16.90,0.862
9,23.wav,1773845467.895761,20.5501,861827,857417,36.1,0.016785,17.83,0.888
9,24.wav,1773845468.780126,21.4345,900711,896301,36.1,0.017761,19.89,0.860
9,25.wav,1773845469.755942,22.4103,943942,939532,32.6,0.011078,21.67,0.782
9,26.wav,1773845470.584305,23.2386,980828,976418,34.7,0.014282,16.56,0.860
9,27.wav,1773845471.386505,24.0408,1015730,1011320,37.1,0.019409,16.71,0.893
9,28.wav,1773845472.150368,24.8047,1049338,1044928,37.5,0.020538,17.14,0.843
9,29.wav,1773845472.930451,25.5848,1083903,1079493,35.8,0.016937,16.13,0.834
9,30.wav,1773845473.697657,26.3520,1117673,1113263,35.4,0.014709,18.54,0.885
9,31.wav,1773845474.446452,27.1008,1150767,1146357,37.5,0.019318,17.37,0.917
9,32.wav,1773845475.234569,27.8889,1185396,1180986,37.4,0.019196,17.90,0.879
9,33.wav,1773845476.021117,28.6755,1220080,1215670,37.3,0.019562,18.88,0.921
9,34.wav,1773845476.696458,29.3508,1250003,1245593,35.5,0.015991,17.40,0.876
9,35.wav,1773845477.558737,30.2131,1287979,1283569,35.2,0.015076,21.03,0.843
9,36.wav,1773845478.401325,31.0557,1325037,1320627,37.0,0.019196,18.60,0.920
9,37.wav,1773845479.238826,31.8932,1362036,1357626,36.3,0.016876,16.48,0.846
9,38.wav,1773845480.042999,32.6973,1397557,1393147,35.5,0.015533,16.65,0.906
9,39.wav,1773845480.846736,33.5011,1433100,1428690,35.1,0.014557,17.93,0.846
9,40.wav,1773845481.691757,34.3461,1470359,1465949,34.3,0.013184,17.55,0.885
9,41.wav,1773845482.495921,35.1503,1505782,1501372,36.0,0.016815,16.48,0.848
9,42.wav,1773845483.331525,35.9859,1542566,1538156,37.0,0.018250,19.63,0.874
9,43.wav,1773845484.189522,36.8439,1580562,1576152,35.5,0.015137,17.03,0.846
9,44.wav,1773845485.004672,37.6590,1616357,1611947,34.9,0.014069,19.47,0.889
9,45.wav,1773845485.761288,38.4156,1649750,1645340,36.3,0.016998,17.34,0.898
9,46.wav,1773845486.568724,39.2231,1685394,1680984,36.7,0.017853,17.10,0.866
9,47.wav,1773845487.366822,40.0212,1720494,1716084,36.9,0.018494,16.45,0.872
9,48.wav,1773845488.127959,40.7823,1754031,1749621,37.2,0.018921,16.62,0.828
9,49.wav,1773845488.860755,41.5151,1786306,1781896,36.8,0.018127,20.37,0.867
9,50.wav,1773845489.700525,42.3549,1823409,1818999,36.2,0.017273,18.26,0.914
9,51.wav,1773845490.44675,43.1011,1856312,1851902,36.3,0.017120,18.49,0.859
9,52.wav,1773845491.181581,43.8359,1888842,1884432,36.1,0.016449,19.25,0.832
9,53.wav,1773845491.897746,44.5521,1920604,1916194,32.2,0.011169,19.29,0.784
9,54.wav,1773845492.724494,45.3788,1956746,1952336,36.0,0.017334,19.32,0.904
9,55.wav,1773845493.518686,46.1730,1991882,1987472,35.4,0.015717,19.57,0.885
9,56.wav,1773845494.300375,46.9547,2026373,2021963,35.9,0.017120,18.06,0.883
9,57.wav,1773845495.101377,47.7557,2061153,2056743,35.1,0.046539,26.34,0.738
9,58.wav,1773845495.844869,48.4992,2094553,2090143,35.1,0.014801,17.98,0.818
9,59.wav,1773845496.617919,49.2723,2127843,2123433,36.9,0.059753,26.50,0.725
9,60.wav,1773845497.381357,50.0357,2162181,2157771,34.9,0.013763,16.69,0.880
9,61.wav,1773845498.175502,50.8298,2197144,2192734,37.1,0.018707,19.68,0.849
9,62.wav,1773845499.015489,51.6698,2234053,2229643,36.7,0.018280,17.66,0.918
9,63.wav,1773845499.825159,52.4795,2269997,2265587,35.8,0.016296,21.30,0.826
9,64.wav,1773845500.674098,53.3284,2307477,2303067,35.0,0.014526,19.71,0.869
9,65.wav,1773845501.479984,54.1343,2342975,2338565,35.5,0.016693,18.58,0.915
9,66.wav,1773845502.266611,54.9210,2377499,2373089,37.9,0.020508,18.59,0.939
9,67.wav,1773845503.317822,55.9722,2424249,2419839,31.7,0.009918,18.43,0.853
9,68.wav,1773845504.090132,56.7445,2458050,2453640,37.5,0.020569,17.76,0.887
9,69.wav,1773845504.928417,57.5828,2495009,2490599,37.5,0.019073,18.48,0.929
9,70.wav,1773845505.654746,58.3091,2526989,2522579,37.2,0.018463,19.88,0.901
9,71.wav,1773845506.421333,59.0757,2561067,2556657,35.5,0.016174,16.97,0.839
9,72.wav,1773845507.207636,59.8620,2595505,2591095,37.0,0.019806,17.00,0.884
9,73.wav,1773845507.999294,60.6536,2630582,2626172,36.1,0.017761,16.47,0.890
9,74.wav,1773845508.828533,61.4829,2666956,2662546,37.2,0.019348,19.52,0.920
9,75.wav,1773845509.605808,62.2602,2701386,2696976,36.2,0.017456,18.16,0.853
9,76.wav,1773845510.380105,63.0344,2735511,2731101,36.9,0.018188,19.04,0.905
9,77.wav,1773845511.213568,63.8679,2772019,2767609,38.1,0.020538,18.91,0.910
9,78.wav,1773845512.007856,64.6622,2807177,2802767,37.1,0.018402,19.51,0.923
9,79.wav,1773845512.820374,65.4747,2843013,2838603,36.4,0.018280,19.44,0.935
9,80.wav,1773845513.565544,66.2199,2875957,2871547,36.7,0.019379,18.21,0.895
9,81.wav,1773845514.377781,67.0321,2911673,2907263,36.5,0.018677,16.88,0.914
9,82.wav,1773845515.174306,67.8286,2946805,2942395,36.6,0.019318,16.42,0.895
9,83.wav,1773845515.943637,68.5980,2980605,2976195,37.7,0.021515,17.24,0.905
9,84.wav,1773845516.709282,69.3636,3014604,3010194,36.3,0.017365,16.15,0.870
9,85.wav,1773845517.485567,70.1399,3048846,3044436,36.1,0.017731,17.87,0.893
9,86.wav,1773845518.215114,70.8695,3080968,3076558,37.4,0.020569,17.66,0.894
9,87.wav,1773845518.968526,71.6229,3114113,3109703,37.5,0.020294,19.07,0.929
9,88.wav,1773845519.776584,72.4309,3149830,3145420,37.1,0.018494,20.00,0.830
9,89.wav,1773845520.567668,73.2220,3184765,3180355,35.9,0.017029,15.68,0.796
9,90.wav,1773845521.357613,74.0120,3220093,3215683,33.7,0.012604,15.66,0.869
9,91.wav,1773845522.193264,74.8476,3256515,3252105,36.8,0.018036,17.32,0.885
9,92.wav,1773845522.981928,75.6363,3291263,3286853,36.4,0.016724,17.20,0.890
9,93.wav,1773845523.810371,76.4647,3327823,3323413,35.1,0.014648,19.92,0.890
9,94.wav,1773845524.654296,77.3086,3364887,3360477,35.7,0.017273,18.64,0.875
9,95.wav,1773845525.448189,78.1025,3400078,3395668,37.1,0.019531,18.69,0.924
9,96.wav,1773845526.236809,78.8912,3434764,3430354,36.6,0.017151,18.48,0.907
9,97.wav,1773845527.048235,79.7026,3470759,3466349,34.6,0.014099,20.17,0.897
9,98.wav,1773845527.904488,80.5588,3508280,3503870,37.0,0.018066,18.60,0.925
9,99.wav,1773845528.867161,81.5215,3550869,3546459,33.8,0.011963,21.20,0.760
a,0.wav,1773845638.493385,1.0316,5158,748,21.8,0.008301,21.87,1.000
a,1.wav,1773845639.221877,1.7601,37833,33423,33.2,0.029602,17.11,1.000
a,2.wav,1773845640.042601,2.5808,74661,70251,36.2,0.017365,16.30,1.000
a,3.wav,1773845640.830609,3.3688,109645,105235,37.4,0.018707,14.98,1.000
a,4.wav,1773845641.61268,4.1509,144099,139689,35.7,0.015594,14.12,1.000
a,5.wav,1773845642.365258,4.9034,177288,172878,37.4,0.018921,15.35,1.000
a,6.wav,1773845643.153589,5.6918,211981,207571,38.1,0.020111,14.34,1.000
a,7.wav,1773845643.965244,6.5034,247966,243556,35.9,0.015991,13.08,1.000
a,8.wav,1773845644.755222,7.2934,282694,278284,36.3,0.016235,13.66,1.000
a,9.wav,1773845645.49261,8.0308,315244,310834,36.7,0.017426,14.60,1.000
a,10.wav,1773845646.358692,8.8969,353433,349023,37.8,0.019745,14.08,1.000
a,11.wav,1773845647.139614,9.6778,387929,383519,37.2,0.018494,14.32,1.000
a,12.wav,1773845647.960177,10.4984,423878,419468,35.9,0.016144,14.38,1.000
a,13.wav,1773845648.740798,11.2790,458542,454132,34.2,0.013428,14.76,1.000
a,14.wav,1773845649.504168,12.0423,492227,487817,35.9,0.015839,14.66,1.000
a,15.wav,1773845650.272805,12.8110,525960,521550,36.0,0.016449,14.98,1.000
a,16.wav,1773845651.008716,13.5469,558297,553887,35.3,0.015808,13.67,1.000
a,17.wav,1773845651.869613,14.4078,596453,592043,37.7,0.019714,14.01,1.000
a,18.wav,1773845652.644726,15.1829,630731,626321,35.1,0.014587,15.26,1.000
a,19.wav,1773845653.398674,15.9369,663996,659586,33.6,0.012299,15.73,1.000
a,20.wav,1773845654.172406,16.7106,698183,693773,34.7,0.013580,12.92,0.903
a,21.wav,1773845654.988134,17.5263,734000,729590,36.3,0.017059,13.95,0.946
a,22.wav,1773845655.770544,18.3087,768600,764190,35.7,0.015808,16.39,0.890
a,23.wav,1773845656.517434,19.0556,801352,796942,37.6,0.019165,13.65,0.950
a,24.wav,1773845657.287651,19.8258,835494,831084,34.2,0.013306,17.79,0.762
a,25.wav,1773845658.10622,20.6444,871620,867210,35.2,0.015045,14.15,0.935
a,26.wav,1773845658.867952,21.4061,905071,900661,36.7,0.017487,13.94,0.930
a,27.wav,1773845659.7119,22.2501,942425,938015,33.6,0.012238,15.07,0.877
a,28.wav,1773845660.505828,23.0440,976424,972014,32.6,0.027710,13.35,0.490
a,29.wav,1773845661.307491,23.8457,1012632,1008222,33.6,0.012451,15.69,0.820
a,30.wav,1773845662.080498,24.6187,1046935,1042525,34.9,0.013702,14.89,0.918
a,31.wav,1773845662.867229,25.4054,1081584,1077174,35.4,0.015198,13.68,0.911
a,32.wav,1773845663.654478,26.1927,1116207,1111797,35.5,0.015350,15.03,0.943
a,33.wav,1773845664.444061,26.9822,1150940,1146530,34.5,0.013824,13.40,0.863
a,34.wav,1773845665.230528,27.7687,1185824,1181414,35.0,0.014038,13.12,0.942
a,35.wav,1773845666.023262,28.5614,1220658,1216248,36.7,0.017914,14.99,0.948
a,36.wav,1773845666.779635,29.3178,1254038,1249628,35.3,0.015045,14.78,0.940
a,37.wav,1773845667.587314,30.1255,1289713,1285303,33.6,0.012085,13.01,0.870
a,38.wav,1773845668.384893,30.9231,1324838,1320428,35.8,0.015564,13.67,0.924
a,39.wav,1773845669.179807,31.7180,1359953,1355543,35.1,0.014801,13.26,0.885
a,40.wav,1773845669.940398,32.4786,1393455,1389045,36.0,0.016113,13.68,0.935
a,41.wav,1773845670.744907,33.2831,1428906,1424496,35.5,0.015625,14.53,0.933
a,42.wav,1773845671.571716,34.1099,1465265,1460855,35.9,0.016266,14.10,0.909
a,43.wav,1773845672.387036,34.9252,1501308,1496898,35.4,0.014832,13.64,0.919
a,44.wav,1773845673.201479,35.7397,1537305,1532895,35.2,0.014496,14.54,0.939
a,45.wav,1773845673.98862,36.5268,1572006,1567596,34.0,0.013092,13.66,0.929
a,46.wav,1773845674.81742,37.3556,1608310,1603900,34.5,0.013916,14.27,0.932
a,47.wav,1773845675.605516,38.1437,1643360,1638950,30.9,0.008820,13.58,0.841
a,48.wav,1773845676.382049,38.9202,1677491,1673081,34.9,0.013977,14.28,0.914
a,49.wav,1773845677.205119,39.7433,1713771,1709361,36.3,0.017029,14.87,0.934
a,50.wav,1773845678.027163,40.5653,1749885,1745475,35.7,0.016235,16.15,0.930
a,51.wav,1773845678.834531,41.3727,1785585,1781175,36.0,0.015625,15.56,0.935
a,52.wav,1773845679.602727,42.1409,1819357,1814947,33.5,0.013062,16.04,0.897
a,53.wav,1773845680.35243,42.8906,1852710,1848300,34.3,0.013580,15.21,0.904
a,54.wav,1773845681.132402,43.6706,1887049,1882639,34.3,0.014008,14.54,0.929
a,55.wav,1773845681.917345,44.4555,1921711,1917301,34.9,0.014465,15.30,0.918
a,56.wav,1773845682.661288,45.1995,1953410,1949000,34.9,0.037140,14.69,0.546
a,57.wav,1773845683.416959,45.9551,1987830,1983420,34.0,0.012939,13.97,0.893
a,58.wav,1773845684.200405,46.7386,2021512,2017102,32.5,0.026276,14.17,0.481
a,59.wav,1773845685.001523,47.5397,2057618,2053208,36.2,0.016602,14.51,0.944
a,60.wav,1773845685.728709,48.2669,2089706,2085296,35.9,0.016052,14.89,0.949
a,61.wav,1773845686.471051,49.0092,2122454,2118044,35.6,0.015594,14.29,0.936
a,62.wav,1773845687.226732,49.7649,2155839,2151429,36.3,0.016663,13.93,0.911
a,63.wav,1773845688.022439,50.5606,2190782,2186372,37.2,0.018646,15.13,0.947
a,64.wav,1773845688.78697,51.3251,2224506,2220096,35.3,0.015045,15.35,0.919
a,65.wav,1773845689.573315,52.1115,2259230,2254820,35.0,0.014618,16.13,0.870
a,66.wav,1773845690.384958,52.9231,2294034,2289624,33.6,0.031097,13.83,0.569
a,67.wav,1773845691.201351,53.7395,2331141,2326731,34.5,0.013733,13.73,0.904
a,68.wav,1773845691.985045,54.5232,2365612,2361202,33.3,0.012177,14.06,0.912
a,69.wav,1773845692.735322,55.2735,2398726,2394316,33.4,0.012177,13.29,0.909
a,70.wav,1773845693.561466,56.0996,2434123,2429713,33.6,0.030701,12.96,0.530
a,71.wav,1773845694.362284,56.9005,2470469,2466059,34.6,0.014130,13.15,0.911
a,72.wav,1773845695.130197,57.6684,2504322,2499912,34.2,0.013245,15.39,0.850
a,73.wav,1773845695.96708,58.5053,2541291,2536881,33.7,0.012817,13.09,0.847
a,74.wav,1773845696.783328,59.3215,2577269,2572859,34.5,0.013184,14.43,0.921
a,75.wav,1773845697.592283,60.1305,2612982,2608572,33.3,0.012177,14.94,0.917
a,76.wav,1773845698.403375,60.9416,2647682,2643272,33.7,0.031586,13.81,0.528
a,77.wav,1773845699.237,61.7752,2684573,2680163,31.9,0.025879,17.75,0.467
a,78.wav,1773845700.016231,62.5544,2718876,2714466,32.6,0.027863,19.59,0.473
a,79.wav,1773845700.819349,63.3575,2755184,2750774,35.6,0.015808,15.50,0.960
a,80.wav,1773845701.592043,64.1302,2789287,2784877,33.9,0.012909,14.02,0.911
a,81.wav,1773845702.393072,64.9312,2824623,2820213,34.2,0.013123,17.36,0.808
a,82.wav,1773845703.216375,65.7546,2860844,2856434,33.3,0.012451,14.27,0.899
a,83.wav,1773845703.986007,66.5242,2893908,2889498,32.6,0.026031,20.06,0.482
a,84.wav,1773845704.906263,67.4444,2934409,2929999,33.3,0.029297,18.77,0.558
a,85.wav,1773845705.684933,68.2231,2969844,2965434,34.0,0.012909,14.20,0.921
a,86.wav,1773845706.551572,69.0897,3008069,3003659,34.8,0.014526,17.41,0.845
a,87.wav,1773845707.379443,69.9176,3043544,3039134,32.4,0.028442,16.10,0.534
a,88.wav,1773845708.194397,70.7326,3080522,3076112,33.3,0.011871,16.09,0.780
a,89.wav,1773845709.034835,71.5730,3117510,3113100,35.3,0.015350,13.89,0.895
a,90.wav,1773845709.886781,72.4250,3155072,3150662,35.2,0.014954,13.48,0.929
a,91.wav,1773845710.720378,73.2586,3191824,3187414,35.5,0.015503,13.82,0.890
a,92.wav,1773845711.521034,74.0592,3227230,3222820,35.0,0.015045,14.77,0.887
a,93.wav,1773845712.363439,74.9016,3264356,3259946,35.1,0.014862,14.34,0.907
a,94.wav,1773845713.236911,75.7751,3302881,3298471,34.5,0.013855,18.36,0.867
a,95.wav,1773845714.066295,76.6045,3339510,3335100,34.4,0.013611,14.73,0.859
a,96.wav,1773845714.899554,77.4377,3375106,3370696,34.9,0.038177,15.15,0.585
a,97.wav,1773845715.709389,78.2476,3411903,3407493,34.7,0.014679,14.51,0.907
a,98.wav,1773845716.552429,79.0906,3449084,3444674,35.2,0.015167,14.09,0.941
a,99.wav,1773845717.384874,79.9231,3485632,3481222,37.0,0.018829,14.17,0.860
b,0.wav,1773845731.892957,1.1053,7759,3349,26.1,0.010895,16.59,1.000
b,1.wav,1773845732.609837,1.8222,35049,30639,34.4,0.012299,15.00,1.000
b,2.wav,1773845733.341756,2.5541,67625,63215,33.2,0.012177,15.21,1.000
b,3.wav,1773845734.132339,3.3447,102241,97831,34.0,0.012054,15.94,1.000
b,4.wav,1773845734.905638,4.1180,136314,131904,35.5,0.013733,15.78,1.000
b,5.wav,1773845735.664123,4.8764,170259,165849,33.8,0.012451,14.61,1.000
b,6.wav,1773845736.459419,5.6717,204867,200457,34.7,0.012878,14.70,1.000
b,7.wav,1773845737.223251,6.4356,238426,234016,33.2,0.010956,14.58,1.000
b,8.wav,1773845737.948219,7.1605,270531,266121,35.5,0.013824,15.15,1.000
b,9.wav,1773845738.720118,7.9324,304500,300090,34.8,0.013245,14.59,1.000
b,10.wav,1773845739.499405,8.7117,338856,334446,34.9,0.013306,14.91,1.000
b,11.wav,1773845740.268255,9.4806,372849,368439,34.4,0.012238,14.91,1.000
b,12.wav,1773845741.003068,10.2154,405016,400606,35.7,0.014191,16.18,1.000
b,13.wav,1773845741.708319,10.9206,436334,431924,34.5,0.012360,15.27,1.000
b,14.wav,1773845742.485764,11.6981,470562,466152,33.9,0.011536,15.54,1.000
b,15.wav,1773845743.258444,12.4708,504882,500472,31.0,0.008270,14.64,1.000
b,16.wav,1773845744.019372,13.2317,538341,533931,32.6,0.010132,14.33,1.000
b,17.wav,1773845744.764493,13.9768,571141,566731,33.5,0.010925,14.78,1.000
b,18.wav,1773845745.559058,14.7714,606154,601744,33.0,0.010651,15.80,1.000
b,19.wav,1773845746.282402,15.4947,638086,633676,33.8,0.011688,16.48,1.000
b,20.wav,1773845747.016337,16.2287,670528,666118,33.3,0.011047,14.81,0.463
b,21.wav,1773845747.843255,17.0556,707000,702590,30.6,0.008057,13.63,0.384
b,22.wav,1773845748.634271,17.8466,741838,737428,33.4,0.010956,14.00,0.428
b,23.wav,1773845749.385481,18.5978,774913,770503,35.6,0.014008,15.77,0.465
b,24.wav,1773845750.137464,19.3498,808031,803621,35.3,0.013580,15.24,0.472
b,25.wav,1773845750.941439,20.1538,843637,839227,32.6,0.010315,15.61,0.457
b,26.wav,1773845751.737179,20.9495,878858,874448,32.5,0.009888,15.11,0.403
b,27.wav,1773845752.499416,21.7117,912324,907914,33.8,0.011749,15.26,0.398
b,28.wav,1773845753.281956,22.4943,946894,942484,32.0,0.009674,15.34,0.425
b,29.wav,1773845754.031268,23.2436,979890,975480,32.2,0.009552,14.64,0.485
b,30.wav,1773845754.773757,23.9861,1012754,1008344,30.3,0.007690,14.11,0.411
b,31.wav,1773845755.503095,24.7154,1044767,1040357,31.0,0.008850,15.95,0.350
b,32.wav,1773845756.247276,25.4596,1077528,1073118,32.5,0.010223,13.99,0.359
b,33.wav,1773845757.038406,26.2507,1112478,1108068,31.6,0.008728,14.32,0.343
b,34.wav,1773845757.782194,26.9945,1145378,1140968,31.5,0.009003,14.65,0.377
b,35.wav,1773845758.539354,27.7517,1178658,1174248,31.6,0.009094,14.78,0.389
b,36.wav,1773845759.340852,28.5532,1214025,1209615,32.8,0.010040,15.44,0.391
b,37.wav,1773845760.147371,29.3597,1249585,1245175,32.4,0.009521,14.32,0.403
b,38.wav,1773845760.911232,30.1236,1283196,1278786,33.5,0.011017,14.22,0.426
b,39.wav,1773845761.68937,30.9017,1317613,1313203,33.1,0.010406,14.56,0.480
b,40.wav,1773845762.484067,31.6964,1352737,1348327,31.8,0.009216,14.23,0.386
b,41.wav,1773845763.230055,32.4424,1385440,1381030,34.5,0.011841,15.10,0.440
b,42.wav,1773845763.99961,33.2119,1419731,1415321,31.7,0.009186,13.54,0.320
b,43.wav,1773845764.754188,33.9665,1453127,1448717,25.7,0.004333,13.03,0.360
b,44.wav,1773845765.594615,34.8069,1489559,1485149,37.1,0.016449,16.26,0.469
b,45.wav,1773845766.336985,35.5493,1522496,1518086,35.2,0.012939,13.74,0.390
b,46.wav,1773845767.064463,36.2768,1554551,1550141,33.7,0.010712,16.33,0.449
b,47.wav,1773845768.246451,37.4588,1606722,1602312,32.6,0.009216,13.38,0.381
b,48.wav,1773845769.017771,38.2301,1640725,1636315,34.5,0.012299,14.53,0.430
b,49.wav,1773845769.860877,39.0732,1677918,1673508,36.0,0.015045,14.96,0.436
b,50.wav,1773845770.627585,39.8399,1711800,1707390,33.8,0.011353,14.60,0.395
b,51.wav,1773845771.424698,40.6370,1746927,1742517,33.1,0.010681,16.17,0.396
b,52.wav,1773845772.212858,41.4252,1781855,1777445,34.6,0.013672,14.55,0.308
b,53.wav,1773845772.974354,42.1867,1815436,1811026,32.8,0.012115,15.71,0.328
b,54.wav,1773845773.82506,43.0374,1852622,1848212,34.2,0.012360,16.16,0.380
b,55.wav,1773845774.565656,43.7780,1885877,1881467,31.0,0.009583,14.89,0.277
b,56.wav,1773845775.396684,44.6090,1922304,1917894,31.2,0.010101,15.08,0.211
b,57.wav,1773845776.209248,45.4216,1958070,1953660,32.1,0.010773,15.38,0.252
b,58.wav,1773845777.021641,46.2340,1993700,1989290,33.4,0.010712,15.06,0.416
b,59.wav,1773845777.787768,47.0001,2027441,2023031,35.2,0.013123,15.81,0.432
b,60.wav,1773845778.49022,47.7025,2058482,2054072,34.9,0.012787,16.31,0.413
b,61.wav,1773845779.221869,48.4342,2090674,2086264,35.3,0.013672,15.36,0.414
b,62.wav,1773845779.975954,49.1883,2124347,2119937,30.4,0.007721,13.66,0.437
b,63.wav,1773845780.772006,49.9843,2159097,2154687,33.1,0.010193,15.76,0.450
b,64.wav,1773845781.535631,50.7480,2192796,2188386,33.0,0.010132,14.38,0.435
b,65.wav,1773845782.308118,51.5204,2226832,2222422,32.9,0.009918,14.65,0.465
b,66.wav,1773845783.07304,52.2854,2260583,2256173,33.1,0.010223,14.60,0.456
b,67.wav,1773845783.863156,53.0755,2295370,2290960,32.6,0.009460,16.21,0.461
b,68.wav,1773845784.632085,53.8444,2329395,2324985,33.8,0.010956,15.26,0.394
b,69.wav,1773845785.405607,54.6179,2363524,2359114,32.8,0.009674,15.56,0.484
b,70.wav,1773845786.210014,55.4223,2398895,2394485,35.0,0.012695,15.28,0.410
b,71.wav,1773845786.994522,56.2068,2433493,2429083,35.2,0.012878,14.11,0.389
b,72.wav,1773845787.764338,56.9767,2467247,2462837,34.3,0.011719,14.44,0.454
b,73.wav,1773845788.588881,57.8012,2503849,2499439,33.3,0.010132,15.92,0.482
b,74.wav,1773845789.338146,58.5505,2536969,2532559,31.0,0.008087,15.30,0.438
b,75.wav,1773845790.089215,59.3015,2570368,2565958,28.8,0.006714,14.96,0.310
b,76.wav,1773845790.847344,60.0597,2603611,2599201,30.4,0.007568,15.44,0.440
b,77.wav,1773845791.644082,60.8564,2638601,2634191,31.7,0.009003,15.50,0.356
b,78.wav,1773845792.468895,61.6812,2674957,2670547,31.6,0.009308,15.41,0.343
b,79.wav,1773845793.224855,62.4372,2708442,2704032,32.6,0.009705,15.13,0.438
b,80.wav,1773845794.000947,63.2133,2742583,2738173,32.2,0.009460,13.72,0.459
b,81.wav,1773845794.72273,63.9351,2774371,2769961,33.1,0.010559,15.77,0.445
b,82.wav,1773845795.488217,64.7005,2808251,2803841,31.2,0.008331,14.52,0.482
b,83.wav,1773845796.29899,65.5113,2844189,2839779,30.0,0.008789,15.28,0.231
b,84.wav,1773845797.063689,66.2760,2877612,2873202,33.3,0.010376,13.99,0.474
b,85.wav,1773845797.862886,67.0752,2913016,2908606,32.1,0.008942,13.69,0.420
b,86.wav,1773845798.674052,67.8864,2948725,2944315,30.9,0.007996,13.59,0.405
b,87.wav,1773845799.437546,68.6499,2982281,2977871,31.8,0.008789,13.62,0.475
b,88.wav,1773845800.229028,69.4414,3017196,3012786,32.1,0.009125,14.57,0.407
b,89.wav,1773845801.02809,70.2404,3052394,3047984,33.8,0.011078,15.30,0.470
b,90.wav,1773845801.84511,71.0574,3088504,3084094,32.5,0.009491,13.15,0.360
b,91.wav,1773845802.66705,71.8794,3125028,3120618,31.9,0.009003,14.53,0.309
b,92.wav,1773845803.469269,72.6816,3160201,3155791,32.5,0.009491,13.25,0.390
b,93.wav,1773845804.247925,73.4602,3194518,3190108,33.3,0.010437,14.47,0.406
b,94.wav,1773845805.088809,74.3011,3231655,3227245,31.5,0.008698,13.84,0.402
b,95.wav,1773845805.838898,75.0512,3264826,3260416,30.8,0.007965,13.92,0.478
b,96.wav,1773845806.645074,75.8574,3300137,3295727,33.3,0.010345,14.28,0.441
b,97.wav,1773845807.421424,76.6337,3334480,3330070,32.6,0.009918,13.64,0.461
b,98.wav,1773845808.237341,77.4497,3370357,3365947,31.5,0.008698,13.98,0.414
b,99.wav,1773845809.086577,78.2989,3407182,3402772,32.6,0.010925,16.25,0.554
c,0.wav,1773845822.419322,1.2665,24186,19776,39.6,0.057922,15.65,1.000
c,1.wav,1773845823.163473,2.0107,57106,52696,38.4,0.050934,15.71,1.000
c,2.wav,1773845823.924484,2.7717,90663,86253,39.5,0.061676,15.85,1.000
c,3.wav,1773845824.701111,3.5483,124937,120527,38.8,0.055969,14.13,1.000
c,4.wav,1773845825.484165,4.3314,159413,155003,40.1,0.066315,15.95,1.000
c,5.wav,1773845826.269908,5.1171,194029,189619,40.1,0.065399,15.68,1.000
c,6.wav,1773845827.081158,5.9284,230092,225682,34.0,0.033417,15.69,1.000
c,7.wav,1773845827.805717,6.6529,261979,257569,36.2,0.043976,15.26,1.000
c,8.wav,1773845828.537725,7.3849,294221,289811,37.6,0.049866,15.93,1.000
c,9.wav,1773845829.305442,8.1526,327967,323557,39.2,0.060669,15.96,1.000
c,10.wav,1773845830.056236,8.9034,361079,356669,39.7,0.068054,16.39,1.000
c,11.wav,1773845830.85349,9.7007,396215,391805,38.5,0.058167,14.71,1.000
c,12.wav,1773845831.655547,10.5027,431601,427191,38.6,0.060608,15.68,1.000
c,13.wav,1773845832.419524,11.2667,465283,460873,38.8,0.061829,15.39,1.000
c,14.wav,1773845833.212681,12.0599,500258,495848,39.4,0.062653,15.67,1.000
c,15.wav,1773845834.090725,12.9379,539035,534625,39.6,0.058746,15.91,1.000
c,16.wav,1773845834.828126,13.6753,571648,567238,37.4,0.050659,15.20,1.000
c,17.wav,1773845835.592335,14.4395,605065,600655,41.5,0.083710,16.42,1.000
c,18.wav,1773845836.398421,15.2456,640709,636299,40.3,0.073547,14.93,1.000
c,19.wav,1773845837.17113,16.0183,674893,670483,34.5,0.033356,11.94,1.000
c,20.wav,1773845837.972844,16.8200,710226,705816,38.4,0.054382,16.39,0.939
c,21.wav,1773845838.759447,17.6066,744854,740444,38.0,0.049103,12.84,0.915
c,22.wav,1773845839.509527,18.3567,778021,773611,38.6,0.054871,15.26,0.957
c,23.wav,1773845840.296051,19.1432,812698,808288,37.1,0.046021,13.47,0.942
c,24.wav,1773845841.023561,19.8708,844775,840365,38.4,0.053345,13.98,0.969
c,25.wav,1773845841.847148,20.6943,881033,876623,37.2,0.048248,13.79,0.958
c,26.wav,1773845842.668468,21.5157,917320,912910,37.7,0.051331,14.46,0.965
c,27.wav,1773845843.450818,22.2980,951697,947287,36.8,0.046600,14.03,0.959
c,28.wav,1773845844.081487,22.9287,979720,975310,34.5,0.036957,13.31,0.862
c,29.wav,1773845844.875494,23.7227,1014740,1010330,35.0,0.036865,11.72,0.910
c,30.wav,1773845845.738173,24.5854,1052672,1048262,37.1,0.045593,13.27,0.916
c,31.wav,1773845846.499002,25.3462,1086394,1081984,35.9,0.041046,13.66,0.891
c,32.wav,1773845847.402586,26.2498,1126110,1121700,37.2,0.045807,14.55,0.959
c,33.wav,1773845848.128896,26.9761,1158091,1153681,35.2,0.041168,14.30,0.824
c,34.wav,1773845848.987142,27.8343,1195979,1191569,37.3,0.049530,14.40,0.941
c,35.wav,1773845849.785638,28.6328,1231316,1226906,33.5,0.032074,14.83,0.854
c,36.wav,1773845850.622393,29.4696,1268053,1263643,37.1,0.049042,14.02,0.921
c,37.wav,1773845851.482659,30.3299,1305985,1301575,36.2,0.043488,13.94,0.939
c,38.wav,1773845852.328143,31.1753,1343264,1338854,37.2,0.046021,14.37,0.958
c,39.wav,1773845853.183024,32.0302,1380935,1376525,38.3,0.057800,15.16,0.958
c,40.wav,1773845854.035496,32.8827,1418559,1414149,38.6,0.052002,14.22,0.967
c,41.wav,1773845854.895567,33.7428,1456526,1452116,38.2,0.050446,14.35,0.971
c,42.wav,1773845855.696827,34.5440,1491837,1487427,39.4,0.061096,15.53,0.970
c,43.wav,1773845856.505319,35.3525,1527365,1522955,39.1,0.059998,14.82,0.958
c,44.wav,1773845857.290192,36.1374,1562133,1557723,38.3,0.054169,14.13,0.943
c,45.wav,1773845858.146728,36.9939,1599852,1595442,39.0,0.058136,14.17,0.940
c,46.wav,1773845858.984301,37.8315,1636690,1632280,37.2,0.049805,15.28,0.968
c,47.wav,1773845859.742369,38.5896,1670379,1665969,37.2,0.045349,14.11,0.942
c,48.wav,1773845860.534074,39.3813,1705160,1700750,40.1,0.068268,16.61,0.980
c,49.wav,1773845861.319223,40.1664,1740061,1735651,35.5,0.038147,14.05,0.882
c,50.wav,1773845862.202269,41.0495,1778710,1774300,38.5,0.053802,13.59,0.912
c,51.wav,1773845862.982384,41.8296,1813061,1808651,38.9,0.056702,14.77,0.976
c,52.wav,1773845863.739887,42.5871,1846356,1841946,37.8,0.052521,13.60,0.965
c,53.wav,1773845864.570412,43.4176,1883257,1878847,37.7,0.048187,14.43,0.937
c,54.wav,1773845865.405616,44.2528,1919998,1915588,38.0,0.052734,15.04,0.972
c,55.wav,1773845866.104116,44.9513,1950903,1946493,36.0,0.040924,13.45,0.956
c,56.wav,1773845866.780416,45.6276,1980588,1976178,37.5,0.048035,14.23,0.956
c,57.wav,1773845867.645724,46.4929,2018753,2014343,35.8,0.041168,13.71,0.936
c,58.wav,1773845868.470827,47.3180,2055167,2050757,37.2,0.045227,13.34,0.939
c,59.wav,1773845869.195573,48.0428,2087183,2082773,38.4,0.054565,14.47,0.953
c,60.wav,1773845869.947846,48.7950,2120323,2115913,38.9,0.054871,15.03,0.960
c,61.wav,1773845870.639861,49.4871,2150802,2146392,38.1,0.054321,15.97,0.909
c,62.wav,1773845871.482331,50.3295,2187912,2183502,39.2,0.060974,14.66,0.961
c,63.wav,1773845872.264394,51.1116,2222468,2218058,34.8,0.038635,13.24,0.897
c,64.wav,1773845873.03328,51.8805,2256400,2251990,37.6,0.048431,15.32,0.873
c,65.wav,1773845873.789997,52.6372,2289881,2285471,35.1,0.037903,14.88,0.871
c,66.wav,1773845874.628039,53.4752,2326726,2322316,38.8,0.056580,15.11,0.951
c,67.wav,1773845875.458796,54.3060,2363368,2358958,38.4,0.053467,14.86,0.957
c,68.wav,1773845876.274038,55.1212,2399329,2394919,37.3,0.048248,14.51,0.952
c,69.wav,1773845877.070706,55.9179,2434407,2429997,39.4,0.060791,15.74,0.963
c,70.wav,1773845877.925505,56.7727,2472130,2467720,38.3,0.053955,14.27,0.900
c,71.wav,1773845878.775668,57.6229,2509557,2505147,38.5,0.056366,16.31,0.951
c,72.wav,1773845879.4686,58.3158,2540287,2535877,35.3,0.039520,15.00,0.825
c,73.wav,1773845880.307942,59.1551,2577100,2572690,38.9,0.054901,14.16,0.864
c,74.wav,1773845881.005888,59.8531,2607997,2603587,38.3,0.054199,15.00,0.863
c,75.wav,1773845881.753605,60.6008,2641145,2636735,35.0,0.038086,15.58,0.786
c,76.wav,1773845882.692457,61.5397,2682496,2678086,36.5,0.043396,14.79,0.886
c,77.wav,1773845883.444921,62.2921,2715700,2711290,37.3,0.048828,14.15,0.903
c,78.wav,1773845884.21731,63.0645,2749650,2745240,36.7,0.045288,15.29,0.949
c,79.wav,1773845885.03869,63.8859,2785834,2781424,37.6,0.049011,15.46,0.954
c,80.wav,1773845885.865618,64.7128,2822473,2818063,36.9,0.045105,14.91,0.947
c,81.wav,1773845886.604744,65.4519,2854798,2850388,37.6,0.052979,15.75,0.956
c,82.wav,1773845887.384932,66.2321,2889296,2884886,38.7,0.056213,14.82,0.953
c,83.wav,1773845888.157033,67.0042,2923341,2918931,39.8,0.060089,14.97,0.926
c,84.wav,1773845888.972413,67.8196,2959299,2954889,37.4,0.046265,13.73,0.939
c,85.wav,1773845889.675353,68.5225,2990220,2985810,36.6,0.045990,13.07,0.854
c,86.wav,1773845890.447582,69.2948,3024390,3019980,36.9,0.044281,13.72,0.955
c,87.wav,1773845891.303926,70.1511,3062174,3057764,37.1,0.046051,14.70,0.938
c,88.wav,1773845892.011239,70.8584,3093703,3089293,31.1,0.024963,11.87,0.734
c,89.wav,1773845892.94945,71.7966,3134621,3130211,39.3,0.058960,15.44,0.959
c,90.wav,1773845893.788074,72.6353,3171773,3167363,36.2,0.041901,13.74,0.900
c,91.wav,1773845894.567038,73.4142,3205941,3201531,38.7,0.056976,13.43,0.892
c,92.wav,1773845895.392202,74.2394,3242418,3238008,37.1,0.047577,14.40,0.946
c,93.wav,1773845896.206187,75.0534,3278330,3273920,37.2,0.046906,15.38,0.863
c,94.wav,1773845897.085377,75.9326,3317020,3312610,38.5,0.054688,14.32,0.927
c,95.wav,1773845897.813902,76.6611,3349183,3344773,37.0,0.046753,14.26,0.957
c,96.wav,1773845898.569714,77.4169,3382483,3378073,38.6,0.056580,14.71,0.969
c,97.wav,1773845899.364204,78.2114,3417558,3413148,36.8,0.045593,12.89,0.868
c,98.wav,1773845900.14286,78.9901,3451906,3447496,35.6,0.041748,13.56,0.921
c,99.wav,1773845900.939064,79.7863,3487016,3482606,37.3,0.050720,13.25,0.835
d,0.wav,1773845913.359384,1.5997,23116,18706,37.9,0.018799,14.90,1.000
d,1.wav,1773845914.15412,2.3944,58603,54193,33.4,0.010529,14.04,1.000
d,2.wav,1773845914.956155,3.1965,93651,89241,35.7,0.013916,13.81,1.000
d,3.wav,1773845915.788442,4.0287,130952,126542,32.6,0.009918,15.68,1.000
d,4.wav,1773845916.574606,4.8149,164764,160354,38.5,0.020508,14.18,1.000
d,5.wav,1773845917.333987,5.5743,198905,194495,33.5,0.010834,15.20,1.000
d,6.wav,1773845918.107874,6.3482,233171,228761,36.0,0.013641,14.66,1.000
d,7.wav,1773845918.809803,7.0501,263768,259358,32.6,0.009949,13.64,1.000
d,8.wav,1773845919.600895,7.8412,298564,294154,36.8,0.016693,19.88,1.000
d,9.wav,1773845920.30612,8.5464,329946,325536,35.0,0.012756,14.07,1.000
d,10.wav,1773845921.135216,9.3755,366144,361734,35.3,0.014771,14.01,1.000
d,11.wav,1773845921.948457,10.1888,401907,397497,38.9,0.021362,15.17,1.000
d,12.wav,1773845922.69965,10.9400,435066,430656,37.8,0.019623,14.16,1.000
d,13.wav,1773845923.485803,11.7261,470413,466003,34.8,0.012238,16.59,1.000
d,14.wav,1773845924.235878,12.4762,502798,498388,37.4,0.018097,14.45,1.000
d,15.wav,1773845925.045764,13.2861,539231,534821,33.9,0.010895,15.35,1.000
d,16.wav,1773845925.812866,14.0532,572796,568386,37.8,0.019043,15.19,1.000
d,17.wav,1773845926.489385,14.7297,602770,598360,34.5,0.012146,16.19,1.000
d,18.wav,1773845927.399548,15.6399,643111,638701,32.7,0.009949,15.12,1.000
d,19.wav,1773845928.232106,16.4724,679467,675057,37.1,0.016754,15.55,1.000
d,20.wav,1773845929.123574,17.3639,718593,714183,37.1,0.016724,15.35,0.978
d,21.wav,1773845929.932746,18.1731,754385,749975,36.0,0.014923,15.15,0.949
d,22.wav,1773845930.779425,19.0197,791700,787290,37.4,0.017029,15.88,0.950
d,23.wav,1773845931.615895,19.8562,828665,824255,36.1,0.015076,15.13,0.964
d,24.wav,1773845932.443163,20.6835,865195,860785,38.2,0.018738,17.66,0.975
d,25.wav,1773845933.266415,21.5067,901483,897073,36.3,0.015320,14.95,0.950
d,26.wav,1773845934.055733,22.2960,936285,931875,34.7,0.012665,13.96,0.890
d,27.wav,1773845934.953636,23.1939,975880,971470,35.4,0.013428,14.99,0.973
d,28.wav,1773845935.633817,23.8741,1005642,1001232,32.0,0.010986,17.39,0.851
d,29.wav,1773845936.476312,24.7166,1043425,1039015,33.4,0.010651,15.28,0.918
d,30.wav,1773845937.374965,25.6153,1082694,1078284,36.2,0.015625,14.75,0.973
d,31.wav,1773845938.144582,26.3849,1116578,1112168,35.7,0.014526,16.32,0.979
d,32.wav,1773845938.893434,27.1337,1149585,1145175,36.8,0.016327,15.04,0.949
d,33.wav,1773845939.701707,27.9420,1185281,1180871,36.3,0.015320,15.04,0.967
d,34.wav,1773845940.502602,28.7429,1220531,1216121,35.9,0.014709,15.99,0.923
d,35.wav,1773845941.359308,29.5996,1258382,1253972,35.7,0.014099,14.20,0.958
d,36.wav,1773845942.258346,30.4987,1297992,1293582,36.7,0.016449,14.75,0.980
d,37.wav,1773845942.972513,31.2128,1329474,1325064,37.3,0.017456,14.75,0.971
d,38.wav,1773845943.827427,32.0677,1367529,1363119,28.9,0.006378,14.82,0.778
d,39.wav,1773845944.713885,32.9542,1406317,1401907,36.0,0.014618,15.08,0.948
d,40.wav,1773845945.578475,33.8188,1444576,1440166,34.5,0.012360,15.20,0.938
d,41.wav,1773845946.437445,34.6777,1482374,1477964,36.9,0.016693,16.08,0.967
d,42.wav,1773845947.201225,35.4415,1515978,1511568,35.7,0.014008,13.81,0.945
d,43.wav,1773845948.051684,36.2920,1553533,1549123,34.9,0.012939,13.98,0.956
d,44.wav,1773845948.822249,37.0626,1587555,1583145,33.4,0.010956,15.19,0.950
d,45.wav,1773845949.699445,37.9397,1626306,1621896,33.4,0.011749,15.87,0.931
d,46.wav,1773845950.520328,38.7606,1662342,1657932,37.7,0.018097,15.43,0.979
d,47.wav,1773845951.313006,39.5533,1697324,1692914,36.7,0.015869,15.84,0.972
d,48.wav,1773845952.067483,40.3078,1730620,1726210,35.7,0.014130,15.97,0.970
d,49.wav,1773845952.897376,41.1377,1767348,1762938,34.4,0.011902,14.30,0.952
d,50.wav,1773845953.737691,41.9780,1804235,1799825,36.4,0.015015,14.81,0.953
d,51.wav,1773845954.530664,42.7710,1839189,1834779,37.2,0.017029,15.41,0.960
d,52.wav,1773845955.215669,43.4560,1869856,1865446,31.4,0.008698,14.02,0.934
d,53.wav,1773845955.978824,44.2191,1903024,1898614,36.2,0.015381,14.63,0.969
d,54.wav,1773845956.806569,45.0469,1939581,1935171,36.3,0.015106,15.96,0.979
d,55.wav,1773845957.556151,45.7965,1972905,1968495,32.7,0.010468,15.39,0.855
d,56.wav,1773845958.34238,46.5827,2007390,2002980,33.8,0.011597,15.76,0.959
d,57.wav,1773845959.239428,47.4797,2047088,2042678,33.6,0.010834,13.22,0.931
d,58.wav,1773845960.094756,48.3351,2084595,2080185,35.8,0.014679,14.70,0.973
d,59.wav,1773845960.917423,49.1577,2120709,2116299,37.9,0.018677,15.19,0.963
d,60.wav,1773845961.720748,49.9611,2156296,2151886,35.5,0.013702,14.23,0.951
d,61.wav,1773845962.545927,50.7862,2193249,2188839,31.1,0.008179,12.46,0.882
d,62.wav,1773845963.352907,51.5932,2228710,2224300,34.8,0.012634,13.91,0.958
d,63.wav,1773845964.153325,52.3936,2263652,2259242,33.6,0.011230,14.08,0.932
d,64.wav,1773845964.975015,53.2153,2299984,2295574,32.4,0.009796,14.90,0.904
d,65.wav,1773845965.67072,53.9110,2330573,2326163,36.6,0.016113,13.93,0.907
d,66.wav,1773845966.463466,54.7038,2365739,2361329,33.1,0.010193,14.54,0.896
d,67.wav,1773845967.350818,55.5911,2404651,2400241,35.0,0.013550,16.25,0.939
d,68.wav,1773845968.203323,56.4436,2442150,2437740,35.7,0.014374,13.88,0.963
d,69.wav,1773845969.004364,57.2447,2477391,2472981,37.8,0.018951,15.23,0.965
d,70.wav,1773845969.75357,57.9939,2510850,2506440,32.7,0.010742,12.59,0.860
d,71.wav,1773845970.653515,58.8938,2550201,2545791,35.7,0.014343,14.48,0.948
d,72.wav,1773845971.449342,59.6896,2585306,2580896,36.7,0.016541,13.77,0.966
d,73.wav,1773845972.199264,60.4396,2618385,2613975,37.2,0.017853,15.02,0.954
d,74.wav,1773845972.983763,61.2241,2653045,2648635,34.8,0.013184,14.86,0.952
d,75.wav,1773845973.779151,62.0195,2688322,2683912,33.7,0.011353,12.74,0.863
d,76.wav,1773845974.61042,62.8507,2724675,2720265,37.3,0.017822,14.84,0.951
d,77.wav,1773845975.363509,63.6038,2757835,2753425,38.0,0.019501,14.78,0.963
d,78.wav,1773845976.118823,64.3591,2791188,2786778,36.7,0.015411,14.58,0.960
d,79.wav,1773845976.902052,65.1424,2825327,2820917,25.8,0.014679,18.59,0.519
d,80.wav,1773845977.704795,65.9451,2861448,2857038,36.1,0.014771,13.90,0.952
d,81.wav,1773845978.525634,66.7659,2897345,2892935,36.6,0.015045,13.57,0.952
d,82.wav,1773845979.370688,67.6110,2934597,2930187,35.4,0.013916,11.94,0.934
d,83.wav,1773845980.269869,68.5102,2974348,2969938,36.7,0.016266,14.87,0.957
d,84.wav,1773845981.050978,69.2913,3008758,3004348,36.5,0.015869,14.44,0.887
d,85.wav,1773845981.859934,70.1002,3044420,3040010,37.8,0.019196,13.94,0.984
d,86.wav,1773845982.660041,70.9003,3079601,3075191,38.1,0.019348,14.87,0.985
d,87.wav,1773845983.439315,71.6796,3114079,3109669,38.4,0.020905,14.98,0.981
d,88.wav,1773845984.186518,72.4268,3146861,3142451,38.4,0.020447,14.35,0.975
d,89.wav,1773845985.000337,73.2406,3183061,3178651,35.1,0.013062,12.39,0.879
d,90.wav,1773845985.792062,74.0324,3217860,3213450,38.1,0.019073,14.43,0.981
d,91.wav,1773845986.517187,74.7575,3249870,3245460,36.7,0.016083,15.69,0.940
d,92.wav,1773845987.25953,75.4998,3282521,3278111,38.4,0.020233,14.97,0.978
d,93.wav,1773845988.049167,76.2895,3317293,3312883,38.4,0.019714,14.95,0.961
d,94.wav,1773845988.882299,77.1226,3354053,3349643,37.0,0.016632,14.61,0.971
d,95.wav,1773845989.636193,77.8765,3387301,3382891,35.4,0.013794,13.43,0.908
d,96.wav,1773845990.362591,78.6029,3419399,3414989,34.2,0.011932,13.19,0.950
d,97.wav,1773845991.115834,79.3561,3452755,3448345,36.3,0.015503,14.34,0.952
d,98.wav,1773845991.853182,80.0935,3484976,3480566,37.7,0.018250,15.42,0.955
e,0.wav,1773846131.821345,1.0384,6428,2018,20.2,0.007233,8.68,1.000
e,1.wav,1773846132.572972,1.7900,31736,27326,38.9,0.073517,22.62,1.000
e,2.wav,1773846133.296305,2.5133,63878,59468,34.7,0.047333,23.69,1.000
e,3.wav,1773846134.036866,3.2539,96464,92054,37.0,0.060638,20.29,1.000
e,4.wav,1773846134.783054,4.0001,129449,125039,35.3,0.049164,20.25,1.000
e,5.wav,1773846135.575019,4.7920,164373,159963,36.1,0.053375,20.16,1.000
e,6.wav,1773846136.32862,5.5456,197378,192968,37.3,0.062164,21.47,1.000
e,7.wav,1773846137.030094,6.2471,228584,224174,35.2,0.050232,22.19,1.000
e,8.wav,1773846137.767851,6.9849,261007,256597,37.5,0.063965,21.58,1.000
e,9.wav,1773846138.486948,7.7040,292858,288448,34.2,0.044922,23.63,1.000
e,10.wav,1773846139.180815,8.3978,323424,319014,35.0,0.046478,20.64,1.000
e,11.wav,1773846139.8925,9.1095,354602,350192,37.4,0.063873,22.84,1.000
e,12.wav,1773846140.658566,9.8756,388564,384154,35.6,0.051086,20.79,1.000
e,13.wav,1773846141.408674,10.6257,421707,417297,33.7,0.038361,18.59,1.000
e,14.wav,1773846142.149409,11.3664,454319,449909,34.5,0.044830,22.90,1.000
e,15.wav,1773846142.857637,12.0746,485661,481251,33.8,0.041962,21.89,1.000
e,16.wav,1773846143.624459,12.8415,519245,514835,35.2,0.050781,21.80,1.000
e,17.wav,1773846144.339471,13.5565,550990,546580,34.2,0.041840,19.82,1.000
e,18.wav,1773846145.08594,14.3029,583947,579537,34.6,0.044769,21.67,1.000
e,19.wav,1773846145.881606,15.0986,618959,614549,33.3,0.039825,21.65,1.000
e,20.wav,1773846146.632992,15.8500,651968,647558,35.1,0.050293,20.99,0.871
e,21.wav,1773846147.39751,16.6145,685812,681402,34.5,0.044891,21.98,0.811
e,22.wav,1773846148.144063,17.3611,718709,714299,34.7,0.045410,20.23,0.935
e,23.wav,1773846148.884018,18.1010,751116,746706,37.2,0.061554,22.21,0.950
e,24.wav,1773846149.618327,18.8353,783678,779268,36.1,0.053802,20.88,0.943
e,25.wav,1773846150.417718,19.6347,818830,814420,37.0,0.060211,20.81,0.931
e,26.wav,1773846151.153777,20.3708,851245,846835,37.2,0.061401,22.15,0.936
e,27.wav,1773846151.907057,21.1241,884567,880157,37.8,0.062012,20.73,0.797
e,28.wav,1773846152.529551,21.7466,911844,907434,41.4,0.098663,26.29,0.870
e,29.wav,1773846153.148542,22.3656,939365,934955,35.7,0.049316,22.53,0.754
e,30.wav,1773846153.886209,23.1032,971654,967244,39.6,0.083801,29.89,0.786
e,31.wav,1773846154.701488,23.9185,1007619,1003209,38.4,0.070374,27.70,0.844
e,32.wav,1773846155.390471,24.6075,1038287,1033877,35.8,0.052368,20.85,0.707
e,33.wav,1773846156.687488,25.9045,1095261,1090851,38.5,0.066315,24.24,0.914
e,34.wav,1773846157.379617,26.5966,1126037,1121627,35.9,0.051575,26.71,0.879
e,35.wav,1773846158.316748,27.5338,1167501,1163091,33.4,0.038116,24.36,0.894
e,36.wav,1773846158.984132,28.2011,1196542,1192132,37.0,0.060577,23.61,0.869
e,37.wav,1773846159.754888,28.9719,1230530,1226120,38.3,0.069885,23.22,0.836
e,38.wav,1773846160.58238,29.7994,1267130,1262720,34.5,0.045074,23.68,0.772
e,39.wav,1773846161.2769,30.4939,1297584,1293174,38.8,0.070862,27.29,0.771
e,40.wav,1773846161.969561,31.1866,1328097,1323687,39.7,0.081543,26.64,0.817
e,41.wav,1773846162.679748,31.8968,1359573,1355163,38.1,0.066284,22.71,0.709
e,42.wav,1773846163.427546,32.6446,1392535,1388125,38.0,0.063568,27.89,0.875
e,43.wav,1773846164.041465,33.2585,1419672,1415262,38.7,0.068939,26.99,0.882
e,44.wav,1773846164.686115,33.9031,1448244,1443834,33.1,0.036713,27.69,0.525
e,45.wav,1773846165.522786,34.7398,1484853,1480443,38.5,0.072479,27.88,0.796
e,46.wav,1773846166.252632,35.4696,1517262,1512852,33.6,0.039673,27.82,0.669
e,47.wav,1773846167.041387,36.2584,1551944,1547534,34.5,0.047607,26.05,0.873
e,48.wav,1773846167.765357,36.9824,1583983,1579573,36.3,0.048920,22.43,0.840
e,49.wav,1773846168.485822,37.7028,1615663,1611253,37.7,0.063538,23.56,0.863
e,50.wav,1773846169.24958,38.4666,1649243,1644833,38.5,0.068756,26.45,0.890
e,51.wav,1773846170.004071,39.2211,1682546,1678136,36.2,0.054840,23.23,0.815
e,52.wav,1773846170.767834,39.9848,1716155,1711745,36.0,0.053802,24.09,0.831
e,53.wav,1773846171.510447,40.7275,1749011,1744601,36.7,0.057098,22.45,0.787
e,54.wav,1773846172.297554,41.5146,1783784,1779374,33.6,0.041260,26.82,0.699
e,55.wav,1773846173.094679,42.3117,1818932,1814522,37.4,0.062866,25.13,0.866
e,56.wav,1773846173.829946,43.0470,1851191,1846781,38.7,0.070129,25.64,0.831
e,57.wav,1773846174.659371,43.8764,1888023,1883613,33.8,0.039764,27.04,0.904
e,58.wav,1773846175.392447,44.6095,1920284,1915874,36.8,0.057739,23.19,0.846
e,59.wav,1773846176.037611,45.2546,1948779,1944369,36.0,0.053986,25.28,0.745
e,60.wav,1773846176.87769,46.0947,1985611,1981201,38.9,0.075745,28.36,0.907
e,61.wav,1773846177.635555,46.8526,2019078,2014668,37.9,0.061127,23.74,0.879
e,62.wav,1773846178.451542,47.6686,2055096,2050686,37.4,0.061371,26.05,0.852
e,63.wav,1773846179.18662,48.4036,2087577,2083167,37.5,0.062195,24.16,0.846
e,64.wav,1773846179.947488,49.1645,2121004,2116594,37.4,0.062103,26.97,0.825
e,65.wav,1773846180.761454,49.9785,2157306,2152896,33.6,0.039185,23.73,0.717
e,66.wav,1773846181.490488,50.7075,2189198,2184788,37.4,0.062225,23.89,0.765
e,67.wav,1773846182.284357,51.5014,2224099,2219689,39.2,0.078491,26.91,0.748
e,68.wav,1773846183.127209,52.3442,2261596,2257186,33.3,0.038788,25.34,0.779
e,69.wav,1773846183.939337,53.1563,2297086,2292676,37.1,0.060242,28.55,0.904
e,70.wav,1773846184.672306,53.8893,2329598,2325188,37.1,0.061127,28.08,0.918
e,71.wav,1773846185.479809,54.6968,2365146,2360736,35.8,0.050323,24.98,0.778
e,72.wav,1773846186.114953,55.3320,2393165,2388755,36.6,0.055237,21.11,0.634
e,73.wav,1773846186.880643,56.0977,2426883,2422473,36.8,0.058502,24.53,0.883
e,74.wav,1773846187.623484,56.8405,2459608,2455198,36.2,0.058533,27.44,0.912
e,75.wav,1773846188.36938,57.5864,2492591,2488181,35.3,0.051086,24.64,0.894
e,76.wav,1773846189.030701,58.2477,2521635,2517225,35.0,0.050018,23.26,0.880
e,77.wav,1773846189.799176,59.0162,2555479,2551069,35.5,0.051178,24.13,0.847
e,78.wav,1773846190.554686,59.7717,2588786,2584376,37.4,0.061798,24.47,0.814
e,79.wav,1773846191.294908,60.5119,2621302,2616892,40.3,0.089386,26.80,0.899
e,80.wav,1773846192.044672,61.2617,2654487,2650077,35.9,0.053528,22.40,0.801
e,81.wav,1773846192.814719,62.0317,2688458,2684048,34.4,0.048065,24.72,0.847
e,82.wav,1773846193.552524,62.7695,2721091,2716681,37.7,0.064209,26.22,0.912
e,83.wav,1773846194.202632,63.4196,2749645,2745235,37.2,0.061340,20.34,0.687
e,84.wav,1773846195.066458,64.2835,2787834,2783424,38.2,0.067688,23.10,0.730
e,85.wav,1773846195.899257,65.1163,2824560,2820150,36.7,0.060547,27.17,0.948
e,86.wav,1773846196.633314,65.8503,2856809,2852399,36.7,0.058563,24.21,0.837
e,87.wav,1773846197.388505,66.6055,2890285,2885875,35.1,0.050598,24.43,0.881
e,88.wav,1773846198.140412,67.3574,2923383,2918973,36.1,0.055786,21.23,0.812
e,89.wav,1773846198.943494,68.1605,2958699,2954289,34.9,0.048676,24.19,0.831
e,90.wav,1773846199.692938,68.9099,2992182,2987772,33.4,0.038330,20.40,0.771
e,91.wav,1773846200.486608,69.7036,3026857,3022447,34.9,0.049286,26.22,0.902
e,92.wav,1773846201.220416,70.4374,3059196,3054786,37.1,0.061981,25.67,0.863
e,93.wav,1773846201.965648,71.1827,3091963,3087553,39.1,0.075623,25.49,0.924
e,94.wav,1773846202.688216,71.9052,3123846,3119436,38.7,0.072113,25.71,0.831
e,95.wav,1773846203.438372,72.6554,3156937,3152527,38.2,0.067535,25.63,0.909
e,96.wav,1773846204.159547,73.3766,3188806,3184396,33.7,0.040924,20.74,0.745
e,97.wav,1773846204.94993,74.1669,3223843,3219433,30.3,0.029449,21.91,0.709
e,98.wav,1773846205.732918,74.9499,3258010,3253600,38.3,0.069641,23.11,0.809
e,99.wav,1773846206.482406,75.6994,3291033,3286623,38.3,0.069672,25.17,0.848
f,0.wav,1773846216.657757,1.1899,18805,14395,37.9,0.018494,20.58,1.000
f,1.wav,1773846217.402244,1.9343,51783,47373,35.6,0.014465,18.48,1.000
f,2.wav,1773846218.219323,2.7514,87597,83187,38.5,0.020416,17.82,1.000
f,3.wav,1773846219.02382,3.5559,123114,118704,38.1,0.019531,20.00,1.000
f,4.wav,1773846219.774334,4.3064,156282,151872,36.7,0.016541,20.96,1.000
f,5.wav,1773846220.462709,4.9948,186796,182386,36.3,0.015900,20.09,1.000
f,6.wav,1773846221.160014,5.6921,217440,213030,37.9,0.019501,19.57,1.000
f,7.wav,1773846221.883542,6.4156,248624,244214,29.9,0.023499,15.47,1.000
f,8.wav,1773846222.689085,7.2212,284784,280374,38.3,0.019623,19.67,1.000
f,9.wav,1773846223.486756,8.0188,320008,315598,39.2,0.021088,16.86,1.000
f,10.wav,1773846224.316181,8.8483,356649,352239,37.6,0.017792,18.70,1.000
f,11.wav,1773846225.099928,9.6320,391109,386699,36.6,0.015839,17.73,1.000
f,12.wav,1773846225.784412,10.3165,421474,417064,35.4,0.013702,17.53,1.000
f,13.wav,1773846226.633167,11.1653,458204,453794,29.5,0.023315,14.78,1.000
f,14.wav,1773846227.402955,11.9350,492839,488429,36.1,0.014679,17.98,1.000
f,15.wav,1773846228.151806,12.6839,525908,521498,34.7,0.012756,20.29,1.000
f,16.wav,1773846228.87222,13.4043,557764,553354,34.3,0.011963,19.69,1.000
f,17.wav,1773846229.714409,14.2465,594647,590237,37.3,0.016693,18.14,1.000
f,18.wav,1773846230.446369,14.9785,627049,622639,35.1,0.013458,17.90,1.000
f,19.wav,1773846231.218296,15.7504,661250,656840,33.9,0.011230,17.00,1.000
f,20.wav,1773846232.015657,16.5477,695849,691439,37.4,0.016846,19.53,0.986
f,21.wav,1773846232.88424,17.4163,734480,730070,35.8,0.015167,17.85,0.961
f,22.wav,1773846233.671691,18.2038,769399,764989,32.9,0.010681,18.24,0.917
f,23.wav,1773846234.45725,18.9893,804091,799681,33.1,0.010529,16.36,0.952
f,24.wav,1773846235.24531,19.7774,838693,834283,34.1,0.012085,18.82,0.971
f,25.wav,1773846236.050053,20.5821,874213,869803,34.1,0.011536,17.99,0.939
f,26.wav,1773846236.801871,21.3340,906405,901995,33.3,0.037048,18.24,0.957
f,27.wav,1773846237.526111,22.0582,938377,933967,33.9,0.036743,16.27,0.924
f,28.wav,1773846238.255905,22.7880,970867,966457,29.0,0.021606,22.92,0.732
f,29.wav,1773846239.079228,23.6113,1007849,1003439,31.6,0.009430,19.12,0.877
f,30.wav,1773846239.853618,24.3857,1042073,1037663,32.1,0.009277,19.72,0.929
f,31.wav,1773846240.647082,25.1792,1077071,1072661,34.6,0.012390,17.09,0.966
f,32.wav,1773846241.454463,25.9866,1111583,1107173,32.4,0.032593,15.67,0.878
f,33.wav,1773846242.288815,26.8209,1149384,1144974,34.5,0.012207,18.47,0.904
f,34.wav,1773846243.069494,27.6016,1183775,1179365,34.7,0.012604,17.63,0.936
f,35.wav,1773846243.913448,28.4455,1220078,1215668,33.7,0.037872,16.42,0.926
f,36.wav,1773846244.70884,29.2409,1256058,1251648,36.0,0.014740,18.55,0.860
f,37.wav,1773846245.516349,30.0484,1291833,1287423,33.3,0.010498,15.63,0.910
f,38.wav,1773846246.293657,30.8258,1326074,1321664,33.8,0.011169,17.18,0.946
f,39.wav,1773846247.142316,31.6744,1363547,1359137,31.0,0.008026,19.66,0.844
f,40.wav,1773846247.944398,32.4765,1397836,1393426,31.8,0.030914,17.46,0.880
f,41.wav,1773846248.720988,33.2531,1433022,1428612,34.3,0.011597,18.64,0.944
f,42.wav,1773846249.483197,34.0153,1466704,1462294,32.4,0.009918,18.20,0.927
f,43.wav,1773846250.250163,34.7823,1500521,1496111,32.5,0.009552,17.85,0.923
f,44.wav,1773846251.073177,35.6053,1536733,1532323,35.0,0.012573,18.56,0.957
f,45.wav,1773846251.919047,36.4511,1574084,1569674,34.6,0.012329,18.23,0.967
f,46.wav,1773846252.641073,37.1732,1605017,1600607,30.0,0.024475,15.78,0.888
f,47.wav,1773846253.421884,37.9540,1639480,1635070,32.3,0.032745,15.99,0.915
f,48.wav,1773846254.24263,38.7747,1675585,1671175,31.2,0.027802,14.82,0.874
f,49.wav,1773846255.094058,39.6262,1713198,1708788,31.1,0.027771,15.46,0.953
f,50.wav,1773846255.934194,40.4663,1750125,1745715,32.6,0.033539,16.43,0.925
f,51.wav,1773846256.713454,41.2455,1784527,1780117,34.0,0.039215,16.70,0.948
f,52.wav,1773846257.46597,41.9981,1817773,1813363,32.3,0.031830,15.55,0.952
f,53.wav,1773846258.324025,42.8561,1856672,1852262,33.8,0.011353,15.08,0.963
f,54.wav,1773846259.153847,43.6859,1892220,1887810,32.6,0.032349,15.17,0.958
f,55.wav,1773846259.998408,44.5305,1930497,1926087,34.3,0.011536,15.78,0.970
f,56.wav,1773846260.803756,45.3358,1964920,1960510,30.5,0.025970,14.77,0.902
f,57.wav,1773846261.667501,46.1996,2002997,1998587,33.1,0.035339,15.83,0.918
f,58.wav,1773846262.454915,46.9870,2038772,2034362,32.4,0.009491,17.33,0.953
f,59.wav,1773846263.303154,47.8352,2075177,2070767,30.9,0.026337,14.70,0.912
f,60.wav,1773846264.05026,48.5824,2108488,2104078,27.4,0.018524,14.15,0.797
f,61.wav,1773846264.922742,49.4548,2147585,2143175,31.9,0.008667,17.14,0.932
f,62.wav,1773846265.751101,50.2832,2184099,2179689,35.0,0.012817,16.22,0.971
f,63.wav,1773846266.601985,51.1341,2221681,2217271,33.3,0.010742,16.46,0.953
f,64.wav,1773846267.457984,51.9901,2258383,2253973,33.2,0.033447,15.46,0.954
f,65.wav,1773846268.301001,52.8331,2296655,2292245,34.4,0.011932,15.91,0.976
f,66.wav,1773846269.084623,53.6167,2330275,2325865,30.7,0.025848,14.82,0.823
f,67.wav,1773846269.919506,54.4516,2367963,2363553,33.5,0.010925,14.93,0.956
f,68.wav,1773846270.707943,55.2400,2402785,2398375,32.8,0.009918,14.91,0.929
f,69.wav,1773846271.512948,56.0450,2437224,2432814,32.0,0.029510,14.41,0.948
f,70.wav,1773846272.323964,56.8561,2472973,2468563,32.1,0.029938,14.56,0.941
f,71.wav,1773846273.199877,57.7320,2511900,2507490,29.9,0.024200,15.42,0.941
f,72.wav,1773846274.094987,58.6271,2551193,2546783,32.7,0.033020,15.02,0.950
f,73.wav,1773846274.849272,59.3814,2584505,2580095,29.3,0.022034,13.87,0.902
f,74.wav,1773846275.669121,60.2012,2620767,2616357,32.1,0.030548,14.78,0.954
f,75.wav,1773846276.482562,61.0147,2656574,2652164,32.1,0.029907,14.88,0.966
f,76.wav,1773846277.340875,61.8730,2694250,2689840,31.7,0.028381,14.29,0.949
f,77.wav,1773846278.189387,62.7215,2731810,2727400,30.1,0.022949,13.08,0.909
f,78.wav,1773846279.083059,63.6152,2771124,2766714,33.7,0.036377,14.83,0.922
f,79.wav,1773846279.89243,64.4245,2806752,2802342,31.4,0.027771,15.23,0.944
f,80.wav,1773846280.699272,65.2314,2842269,2837859,32.1,0.029968,14.56,0.963
f,81.wav,1773846281.472974,66.0051,2876514,2872104,31.9,0.030731,16.55,0.868
f,82.wav,1773846282.301717,66.8338,2913151,2908741,30.7,0.026367,14.96,0.910
f,83.wav,1773846283.151415,67.6835,2950455,2946045,30.7,0.025116,13.05,0.938
f,84.wav,1773846283.994205,68.5263,2988708,2984298,32.4,0.009338,15.84,0.942
f,85.wav,1773846284.802202,69.3343,3024240,3019830,33.0,0.010223,15.82,0.899
f,86.wav,1773846285.600964,70.1331,3058775,3054365,28.9,0.021393,16.05,0.820
f,87.wav,1773846286.474517,71.0066,3096966,3092556,32.9,0.034790,14.00,0.884
f,88.wav,1773846287.295113,71.8272,3134246,3129836,33.7,0.010956,15.36,0.917
f,89.wav,1773846288.102024,72.6341,3169803,3165393,33.5,0.010406,15.35,0.927
f,90.wav,1773846288.938878,73.4710,3206708,3202298,34.2,0.011536,17.54,0.933
f,91.wav,1773846289.776598,74.3087,3243691,3239281,33.4,0.010345,17.67,0.882
f,92.wav,1773846290.607149,75.1392,3279415,3275005,32.4,0.033081,15.46,0.928
f,93.wav,1773846291.442652,75.9747,3316343,3311933,29.6,0.023499,14.88,0.898
f,94.wav,1773846292.257079,76.7892,3352012,3347602,31.3,0.029449,15.56,0.911
f,95.wav,1773846293.05778,77.5899,3388335,3383925,33.3,0.010681,16.70,0.950
f,96.wav,1773846293.860047,78.3921,3422792,3418382,30.1,0.025269,13.80,0.894
f,97.wav,1773846294.674002,79.2061,3458587,3454177,32.2,0.032227,14.87,0.916
f,98.wav,1773846295.44798,79.9801,3492896,3488486,30.0,0.025024,13.08,0.882
f,99.wav,1773846296.310961,80.8431,3531788,3527378,33.9,0.010864,14.85,0.945
g,0.wav,1773846308.381932,1.3996,30760,26350,30.2,0.020630,17.10,1.000
g,1.wav,1773846309.086016,2.1037,56013,51603,35.0,0.012512,13.79,1.000
g,2.wav,1773846309.90912,2.9268,98157,93747,31.3,0.023315,18.39,1.000
g,3.wav,1773846310.692983,3.7106,132501,128091,30.1,0.019714,16.04,1.000
g,4.wav,1773846311.507167,4.5248,163036,158626,30.2,0.007172,14.92,1.000
g,5.wav,1773846312.333024,5.3507,204698,200288,31.6,0.027008,19.53,1.000
g,6.wav,1773846313.114214,6.1319,233810,229400,33.3,0.010284,13.03,1.000
g,7.wav,1773846313.912234,6.9299,268937,264527,33.4,0.010345,12.17,1.000
g,8.wav,1773846314.711315,7.7290,304424,300014,31.4,0.008118,12.36,1.000
g,9.wav,1773846315.492931,8.5106,338788,334378,32.8,0.009827,12.70,1.000
g,10.wav,1773846316.309808,9.3275,374637,370227,32.0,0.008972,13.86,1.000
g,11.wav,1773846317.124783,10.1424,410604,406194,32.8,0.009857,12.20,1.000
g,12.wav,1773846317.886867,10.9045,444526,440116,30.0,0.006805,11.99,1.000
g,13.wav,1773846318.696151,11.7138,480103,475693,31.0,0.007690,12.61,1.000
g,14.wav,1773846319.49609,12.5137,515305,510895,31.6,0.008514,12.64,1.000
g,15.wav,1773846320.318915,13.3366,551506,547096,33.9,0.011108,13.25,1.000
g,16.wav,1773846321.148783,14.1664,588070,583660,31.7,0.008392,12.69,1.000
g,17.wav,1773846321.953322,14.9710,623724,619314,31.6,0.008331,12.70,1.000
g,18.wav,1773846322.834476,15.8521,662565,658155,31.5,0.008179,11.58,1.000
g,19.wav,1773846323.649012,16.6667,703535,699125,30.0,0.021790,18.79,1.000
g,20.wav,1773846324.486342,17.5040,735504,731094,31.5,0.008484,13.54,0.686
g,21.wav,1773846325.27506,18.2927,770300,765890,30.1,0.007233,12.53,0.704
g,22.wav,1773846326.116758,19.1344,807451,803041,30.5,0.007568,11.35,0.673
g,23.wav,1773846326.931699,19.9494,843269,838859,30.5,0.007355,12.03,0.679
g,24.wav,1773846327.721638,20.7393,878042,873632,30.3,0.007111,11.57,0.695
g,25.wav,1773846328.509578,21.5272,917969,913559,31.1,0.021271,19.26,0.715
g,26.wav,1773846329.333955,22.3516,954186,949776,30.8,0.023132,20.99,0.747
g,27.wav,1773846330.104068,23.1217,983342,978932,31.3,0.008392,12.73,0.698
g,28.wav,1773846330.956138,23.9738,1020599,1016189,34.7,0.012207,13.68,0.714
g,29.wav,1773846331.723047,24.7407,1054567,1050157,29.7,0.006866,12.16,0.657
g,30.wav,1773846332.524081,25.5417,1089948,1085538,29.2,0.006653,11.87,0.673
g,31.wav,1773846333.341705,26.3594,1126382,1121972,27.3,0.005280,13.56,0.690
g,32.wav,1773846334.173251,27.1909,1162671,1158261,29.2,0.006317,12.18,0.659
g,33.wav,1773846335.019523,28.0372,1199943,1195533,30.4,0.007446,11.54,0.668
g,34.wav,1773846335.823744,28.8414,1240568,1236158,30.0,0.021637,20.03,0.773
g,35.wav,1773846336.646291,29.6640,1277036,1272626,30.3,0.023621,21.94,0.738
g,36.wav,1773846337.441824,30.4595,1306750,1302340,31.5,0.008362,12.80,0.717
g,37.wav,1773846338.272197,31.2899,1343455,1339045,30.2,0.007233,12.15,0.700
g,38.wav,1773846339.120698,32.1384,1380984,1376574,28.7,0.006134,12.27,0.634
g,39.wav,1773846339.943683,32.9613,1417157,1412747,30.1,0.007111,10.78,0.668
g,40.wav,1773846340.765099,33.7828,1453344,1448934,30.9,0.010834,11.64,0.640
g,41.wav,1773846341.609744,34.6274,1490651,1486241,31.2,0.008209,13.36,0.682
g,42.wav,1773846342.398966,35.4166,1525131,1520721,33.2,0.010345,12.84,0.706
g,43.wav,1773846343.185758,36.2034,1560359,1555949,30.1,0.007660,11.77,0.600
g,44.wav,1773846344.014279,37.0319,1596582,1592172,31.0,0.007751,11.16,0.655
g,45.wav,1773846344.858559,37.8762,1633838,1629428,31.9,0.008118,12.16,0.698
g,46.wav,1773846345.68598,38.7036,1670279,1665869,30.4,0.007782,12.62,0.733
g,47.wav,1773846346.506796,39.5245,1706521,1702111,31.5,0.008636,12.36,0.691
g,48.wav,1773846347.323773,40.3414,1742652,1738242,30.0,0.006927,11.85,0.699
g,49.wav,1773846348.13979,41.1574,1778400,1773990,33.2,0.010010,12.57,0.703
g,50.wav,1773846348.942354,41.9600,1814037,1809627,31.9,0.008453,12.06,0.686
g,51.wav,1773846349.695982,42.7136,1847223,1842813,31.1,0.007874,11.99,0.694
g,52.wav,1773846350.504749,43.5224,1882857,1878447,31.7,0.008789,11.42,0.650
g,53.wav,1773846351.324559,44.3422,1919172,1914762,31.3,0.008148,12.27,0.697
g,54.wav,1773846352.150867,45.1685,1955435,1951025,31.0,0.007874,12.33,0.705
g,55.wav,1773846352.960768,45.9784,1991275,1986865,30.9,0.007996,11.85,0.705
g,56.wav,1773846353.812741,46.8304,2028672,2024262,32.7,0.009827,12.84,0.698
g,57.wav,1773846354.647076,47.6647,2065617,2061207,30.6,0.007538,13.42,0.704
g,58.wav,1773846355.498723,48.5164,2103146,2098736,29.7,0.006622,11.57,0.688
g,59.wav,1773846356.319052,49.3367,2139484,2135074,30.0,0.007141,10.91,0.680
g,60.wav,1773846357.176384,50.1940,2177135,2172725,30.9,0.007690,11.88,0.692
g,61.wav,1773846358.016272,51.0339,2214234,2209824,30.0,0.006927,11.57,0.710
g,62.wav,1773846358.782812,51.8005,2248099,2243689,30.2,0.006805,11.36,0.706
g,63.wav,1773846359.525434,52.5431,2281101,2276691,30.2,0.007324,11.81,0.653
g,64.wav,1773846360.383189,53.4008,2318618,2314208,30.3,0.007050,11.33,0.640
g,65.wav,1773846361.227877,54.2455,2355753,2351343,31.3,0.007874,13.10,0.707
g,66.wav,1773846362.029748,55.0474,2391241,2386831,31.0,0.008026,12.02,0.705
g,67.wav,1773846362.827487,55.8451,2426290,2421880,31.3,0.008179,12.20,0.682
g,68.wav,1773846363.681888,56.6995,2463929,2459519,31.0,0.007996,12.57,0.683
g,69.wav,1773846364.489247,57.5069,2499596,2495186,31.5,0.008392,12.84,0.673
g,70.wav,1773846365.30472,58.3224,2535514,2531104,30.5,0.007233,12.55,0.703
g,71.wav,1773846366.111862,59.1295,2571126,2566716,31.0,0.008209,11.87,0.693
g,72.wav,1773846366.898657,59.9163,2611268,2606858,30.0,0.019104,15.69,0.734
g,73.wav,1773846367.666983,60.6846,2639649,2635239,32.3,0.009033,12.39,0.702
g,74.wav,1773846368.46397,61.4816,2674748,2670338,33.7,0.010620,12.61,0.721
g,75.wav,1773846369.272996,62.2907,2710490,2706080,32.4,0.009644,13.17,0.703
g,76.wav,1773846370.029647,63.0473,2743882,2739472,32.0,0.008698,12.41,0.724
g,77.wav,1773846370.851692,63.8694,2780203,2775793,31.2,0.007843,11.72,0.688
g,78.wav,1773846371.663137,64.6808,2815854,2811444,33.1,0.009857,13.02,0.710
g,79.wav,1773846372.531276,65.5489,2859287,2854877,31.7,0.025787,19.67,0.830
g,80.wav,1773846373.380714,66.3984,2891631,2887221,31.7,0.008240,13.45,0.665
g,81.wav,1773846374.262167,67.2798,2930483,2926073,31.7,0.008606,11.97,0.707
g,82.wav,1773846375.069688,68.0873,2966240,2961830,30.8,0.007812,11.98,0.703
g,83.wav,1773846375.941385,68.9590,3004924,3000514,28.9,0.006317,11.59,0.640
g,84.wav,1773846376.771116,69.7888,3041301,3036891,30.6,0.007629,12.17,0.675
g,85.wav,1773846377.56679,70.5845,3076102,3071692,32.6,0.009705,12.32,0.674
g,86.wav,1773846378.377932,71.3956,3112115,3107705,31.6,0.008240,12.48,0.697
g,87.wav,1773846379.243948,72.2616,3155496,3151086,30.5,0.019226,16.03,0.719
g,88.wav,1773846380.066016,73.0837,3186644,3182234,29.0,0.006134,12.29,0.667
g,89.wav,1773846380.886362,73.9040,3227732,3223322,33.8,0.031250,21.05,0.699
g,90.wav,1773846381.72439,74.7420,3264881,3260471,30.2,0.023285,18.54,0.572
g,91.wav,1773846382.553943,75.5716,3296102,3291692,32.0,0.009247,12.89,0.691
g,92.wav,1773846383.358928,76.3766,3331661,3327251,32.6,0.009460,12.57,0.705
g,93.wav,1773846384.189118,77.2068,3373526,3369116,33.6,0.031372,21.75,0.720
g,94.wav,1773846384.999479,78.0171,3405034,3400624,25.2,0.006042,10.83,0.245
g,95.wav,1773846385.818839,78.8365,3445023,3440613,30.8,0.021454,18.76,0.692
g,96.wav,1773846386.632306,79.6500,3476006,3471596,32.3,0.008942,13.05,0.677
g,97.wav,1773846387.471636,80.4893,3518300,3513890,31.7,0.026001,18.76,0.821
g,98.wav,1773846388.303598,81.3213,3554864,3550454,31.3,0.022217,18.22,0.667
g,99.wav,1773846389.179048,82.1967,3588159,3583749,34.2,0.011383,12.48,0.683
h,0.wav,1773846400.867528,1.8586,45826,41416,27.4,0.005890,12.43,1.000
h,1.wav,1773846401.584582,2.5757,77478,73068,36.7,0.015289,12.18,1.000
h,2.wav,1773846402.340616,3.3317,110668,106258,39.0,0.018341,12.32,1.000
h,3.wav,1773846403.134519,4.1256,145683,141273,39.3,0.019409,12.63,1.000
h,4.wav,1773846403.919445,4.9105,180496,176086,36.2,0.014801,11.54,1.000
h,5.wav,1773846404.707902,5.6990,215171,210761,36.1,0.014099,12.65,1.000
h,6.wav,1773846405.492936,6.4840,249743,245333,37.6,0.015533,11.48,1.000
h,7.wav,1773846406.260444,7.2515,283558,279148,38.5,0.017365,12.22,1.000
h,8.wav,1773846407.045368,8.0365,318372,313962,36.1,0.013092,14.58,1.000
h,9.wav,1773846407.906341,8.8974,356123,351713,38.1,0.017151,11.53,1.000
h,10.wav,1773846408.694306,9.6854,390910,386500,37.6,0.016266,12.02,1.000
h,11.wav,1773846409.481924,10.4730,425833,421423,36.3,0.014984,12.13,1.000
h,12.wav,1773846410.353662,11.3448,464113,459703,38.7,0.018250,12.55,1.000
h,13.wav,1773846411.148312,12.1394,499191,494781,38.0,0.016998,11.65,1.000
h,14.wav,1773846411.975649,12.9668,535536,531126,39.1,0.018494,12.05,1.000
h,15.wav,1773846412.785992,13.7771,571540,567130,35.8,0.014618,11.73,1.000
h,16.wav,1773846413.586774,14.5779,606672,602262,37.5,0.016449,11.98,1.000
h,17.wav,1773846414.392711,15.3838,642170,637760,36.9,0.015259,11.53,1.000
h,18.wav,1773846415.202221,16.1933,677936,673526,37.6,0.015991,11.76,1.000
h,19.wav,1773846416.013286,17.0044,713794,709384,36.7,0.014832,11.42,1.000
h,20.wav,1773846416.87926,17.8704,752011,747601,37.1,0.014832,12.08,0.947
h,21.wav,1773846417.693299,18.6844,788011,783601,36.4,0.015533,11.23,0.959
h,22.wav,1773846418.621369,19.6125,828692,824282,37.2,0.016663,11.31,0.933
h,23.wav,1773846419.436543,20.4276,864682,860272,37.6,0.016266,11.52,0.953
h,24.wav,1773846420.255591,21.2467,900920,896510,35.5,0.013214,11.69,0.965
h,25.wav,1773846421.061686,22.0528,936456,932046,35.9,0.013977,11.55,0.911
h,26.wav,1773846421.859533,22.8506,971642,967232,37.4,0.015381,11.60,0.929
h,27.wav,1773846422.65204,23.6431,1006485,1002075,37.0,0.014923,11.06,0.917
h,28.wav,1773846423.465908,24.4570,1042510,1038100,37.1,0.014893,11.06,0.933
h,29.wav,1773846424.262487,25.2536,1077788,1073378,35.4,0.012482,11.03,0.934
h,30.wav,1773846425.104388,26.0955,1114791,1110381,36.8,0.015076,12.03,0.974
h,31.wav,1773846425.898124,26.8892,1149682,1145272,37.1,0.014771,11.57,0.881
h,32.wav,1773846426.724865,27.7160,1186239,1181829,35.9,0.013367,11.15,0.937
h,33.wav,1773846427.561772,28.5529,1223062,1218652,35.5,0.013245,11.03,0.918
h,34.wav,1773846428.389071,29.3802,1259637,1255227,36.3,0.014160,11.03,0.945
h,35.wav,1773846429.236542,30.2276,1297061,1292651,35.5,0.012573,11.79,0.926
h,36.wav,1773846430.055171,31.0463,1333040,1328630,35.9,0.013275,12.36,0.886
h,37.wav,1773846430.898696,31.8898,1370405,1365995,34.7,0.011566,12.32,0.833
h,38.wav,1773846431.716029,32.7071,1406384,1401974,36.0,0.013550,11.71,0.959
h,39.wav,1773846432.532652,33.5238,1442447,1438037,36.2,0.014099,11.44,0.962
h,40.wav,1773846433.37336,34.3645,1479460,1475050,35.6,0.012512,13.19,0.819
h,41.wav,1773846434.220106,35.2112,1516855,1512445,34.8,0.011841,11.86,0.854
h,42.wav,1773846435.031748,36.0229,1552612,1548202,35.2,0.012695,14.40,0.816
h,43.wav,1773846435.851631,36.8427,1588154,1583744,32.1,0.028839,14.55,0.840
h,44.wav,1773846436.662225,37.6533,1623884,1619474,31.3,0.026794,15.77,0.802
h,45.wav,1773846437.528021,38.5191,1662647,1658237,35.3,0.012115,15.42,0.854
h,46.wav,1773846438.377118,39.3682,1700263,1695853,34.3,0.012146,11.74,0.872
h,47.wav,1773846439.16946,40.1606,1734892,1730482,37.3,0.014984,11.15,0.943
h,48.wav,1773846440.016571,41.0077,1772412,1768002,35.7,0.013092,10.98,0.935
h,49.wav,1773846440.926293,41.9174,1812423,1808013,37.4,0.015961,11.85,0.958
h,50.wav,1773846441.797412,42.7885,1850878,1846468,37.5,0.016235,12.49,0.955
h,51.wav,1773846442.626302,43.6174,1887544,1883134,35.7,0.013977,11.56,0.937
h,52.wav,1773846443.465871,44.4570,1924365,1919955,37.4,0.015625,12.51,0.947
h,53.wav,1773846444.303245,45.2943,1960869,1956459,32.8,0.029694,18.00,0.901
h,54.wav,1773846445.195967,46.1871,2000364,1995954,28.8,0.018555,17.04,0.795
h,55.wav,1773846446.106539,47.0976,2041076,2036666,34.3,0.011261,13.96,0.832
h,56.wav,1773846446.930249,47.9214,2077331,2072921,34.8,0.012726,12.00,0.942
h,57.wav,1773846447.781799,48.7729,2114650,2110240,35.4,0.013123,13.47,0.901
h,58.wav,1773846448.608365,49.5995,2151310,2146900,30.0,0.008423,17.05,0.717
h,59.wav,1773846449.491536,50.4826,2190369,2185959,34.3,0.012207,11.30,0.932
h,60.wav,1773846450.347283,51.3384,2228030,2223620,35.6,0.012573,11.24,0.920
h,61.wav,1773846451.158588,52.1497,2263747,2259337,35.5,0.012054,12.02,0.904
h,62.wav,1773846452.001624,52.9927,2300806,2296396,36.1,0.013245,10.65,0.915
h,63.wav,1773846452.833082,53.8242,2337625,2333215,35.0,0.011566,14.78,0.823
h,64.wav,1773846453.630255,54.6214,2372762,2368352,34.9,0.011353,11.49,0.891
h,65.wav,1773846454.455418,55.4465,2409123,2404713,36.0,0.013214,10.59,0.903
h,66.wav,1773846455.322185,56.3133,2447342,2442932,36.7,0.013947,11.80,0.928
h,67.wav,1773846456.130448,57.1216,2483060,2478650,35.6,0.012482,10.96,0.906
h,68.wav,1773846456.991825,57.9829,2520923,2516513,36.0,0.012939,12.15,0.932
h,69.wav,1773846457.765795,58.7569,2555179,2550769,35.4,0.011871,10.93,0.934
h,70.wav,1773846458.575605,59.5667,2590773,2586363,36.9,0.014648,10.72,0.917
h,71.wav,1773846459.400202,60.3913,2627208,2622798,36.5,0.013611,14.92,0.907
h,72.wav,1773846460.207135,61.1982,2662693,2658283,36.4,0.013367,10.16,0.922
h,73.wav,1773846460.984352,61.9755,2696838,2692428,37.6,0.015503,11.06,0.935
h,74.wav,1773846461.800397,62.7915,2732975,2728565,37.1,0.014832,11.45,0.945
h,75.wav,1773846462.633187,63.6243,2769688,2765278,37.0,0.015686,11.83,0.937
h,76.wav,1773846463.398391,64.3895,2803445,2799035,37.4,0.016113,11.64,0.939
h,77.wav,1773846464.176528,65.1676,2837765,2833355,36.5,0.014679,11.64,0.923
h,78.wav,1773846464.969377,65.9605,2872932,2868522,36.4,0.013550,11.15,0.920
h,79.wav,1773846465.79519,66.7863,2909258,2904848,36.0,0.012878,10.28,0.941
h,80.wav,1773846466.570195,67.5613,2943357,2938947,36.1,0.013062,11.42,0.903
h,81.wav,1773846467.403202,68.3943,2980137,2975727,37.0,0.014709,16.29,0.954
h,82.wav,1773846468.174605,69.1657,3014154,3009744,36.0,0.013977,12.56,0.942
h,83.wav,1773846468.968692,69.9598,3049099,3044689,35.1,0.012177,13.09,0.910
h,84.wav,1773846469.837128,70.8282,3087392,3082982,37.2,0.016663,11.24,0.930
h,85.wav,1773846470.619515,71.6106,3121842,3117432,37.1,0.015381,11.94,0.958
h,86.wav,1773846471.446641,72.4377,3158392,3153982,35.3,0.012878,11.78,0.930
h,87.wav,1773846472.235479,73.2266,3193265,3188855,35.8,0.013824,11.47,0.859
h,88.wav,1773846473.06173,74.0528,3229784,3225374,35.1,0.012848,12.06,0.901
h,89.wav,1773846473.891796,74.8829,3266269,3261859,36.4,0.014954,11.33,0.944
h,90.wav,1773846474.707712,75.6988,3302151,3297741,38.0,0.017731,12.20,0.949
h,91.wav,1773846475.477489,76.4686,3335906,3331496,38.0,0.016235,11.96,0.956
h,92.wav,1773846476.297853,77.2890,3372384,3367974,35.7,0.013763,11.15,0.951
h,93.wav,1773846477.095618,78.0867,3407517,3403107,35.1,0.012817,11.30,0.954
h,94.wav,1773846477.920029,78.9111,3443911,3439501,36.0,0.013733,15.23,0.898
h,95.wav,1773846478.771376,79.7625,3481470,3477060,36.5,0.014099,14.57,0.920
h,96.wav,1773846479.601414,80.5925,3517999,3513589,37.3,0.015228,11.22,0.945
h,97.wav,1773846480.414383,81.4055,3553962,3549552,34.5,0.011169,13.21,0.939
h,98.wav,1773846481.211394,82.2025,3589054,3584644,35.7,0.013794,11.37,0.956
h,99.wav,1773846482.031701,83.0228,3625150,3620740,37.9,0.016479,14.03,0.913
i,0.wav,1773846498.714429,1.4367,14772,10362,39.6,0.068970,21.28,1.000
i,1.wav,1773846499.548454,2.2707,51534,47124,40.8,0.080170,20.96,1.000
i,2.wav,1773846500.37218,3.0945,87769,83359,41.9,0.094635,23.65,1.000
i,3.wav,1773846501.206464,3.9287,124847,120437,39.6,0.070648,20.29,1.000
i,4.wav,1773846502.051094,4.7734,161815,157405,40.4,0.077057,19.96,1.000
i,5.wav,1773846502.945849,5.6681,201313,196903,40.6,0.078217,20.26,1.000
i,6.wav,1773846503.767906,6.4902,237541,233131,39.4,0.068817,19.88,1.000
i,7.wav,1773846504.577083,7.2994,273291,268881,39.4,0.068268,18.68,1.000
i,8.wav,1773846505.381344,8.1036,308763,304353,40.1,0.076294,21.80,1.000
i,9.wav,1773846506.221367,8.9436,345642,341232,39.2,0.069763,21.14,1.000
i,10.wav,1773846507.059468,9.7817,382683,378273,40.7,0.080261,19.50,1.000
i,11.wav,1773846507.912309,10.6346,420398,415988,40.0,0.075562,20.47,1.000
i,12.wav,1773846508.704557,11.4268,455446,451036,36.8,0.050873,21.34,1.000
i,13.wav,1773846509.463108,12.1854,489151,484741,34.2,0.036743,18.33,1.000
i,14.wav,1773846510.29397,13.0162,525668,521258,36.4,0.047485,18.72,1.000
i,15.wav,1773846511.147145,13.8694,563121,558711,38.2,0.060303,19.75,1.000
i,16.wav,1773846512.127208,14.8495,606270,601860,39.7,0.071960,22.25,1.000
i,17.wav,1773846512.977028,15.6993,643943,639533,37.5,0.054169,19.12,1.000
i,18.wav,1773846513.873555,16.5958,683274,678864,41.2,0.083771,22.56,1.000
i,19.wav,1773846514.822536,17.5448,725221,720811,37.2,0.052216,22.03,1.000
i,20.wav,1773846515.612527,18.3348,760298,755888,38.9,0.065552,21.55,0.955
i,21.wav,1773846516.498473,19.2207,799146,794736,37.5,0.056488,19.71,0.940
i,22.wav,1773846517.362652,20.0849,837321,832911,37.7,0.054169,20.71,0.927
i,23.wav,1773846518.251497,20.9738,876514,872104,37.8,0.055237,21.07,0.961
i,24.wav,1773846519.035964,21.7582,911190,906780,38.2,0.058197,20.39,0.946
i,25.wav,1773846519.832811,22.5551,946561,942151,36.6,0.047394,21.63,0.756
i,26.wav,1773846520.680018,23.4023,983644,979234,37.6,0.052582,19.86,0.895
i,27.wav,1773846521.5299,24.2522,1021341,1016931,35.7,0.042419,18.39,0.937
i,28.wav,1773846522.34618,25.0685,1057350,1052940,36.4,0.046387,17.61,0.886
i,29.wav,1773846523.164283,25.8866,1094286,1089876,30.5,0.022552,17.85,0.715
i,30.wav,1773846523.977051,26.6993,1129099,1124689,37.9,0.054443,18.60,0.903
i,31.wav,1773846524.817963,27.5402,1166178,1161768,37.6,0.053345,18.23,0.884
i,32.wav,1773846525.647267,28.3695,1202642,1198232,39.0,0.063538,18.87,0.861
i,33.wav,1773846526.529414,29.2517,1241259,1236849,38.9,0.067657,20.59,0.917
i,34.wav,1773846527.361199,30.0835,1278253,1273843,37.0,0.050568,18.08,0.838
i,35.wav,1773846528.08757,30.8098,1310583,1306173,35.1,0.040283,18.64,0.830
i,36.wav,1773846528.943248,31.6655,1347892,1343482,38.1,0.057587,18.68,0.841
i,37.wav,1773846529.749887,32.4722,1383629,1379219,37.5,0.051697,18.07,0.864
i,38.wav,1773846530.609864,33.3321,1421382,1416972,39.6,0.068451,20.05,0.916
i,39.wav,1773846531.475544,34.1978,1459596,1455186,38.4,0.057983,19.30,0.896
i,40.wav,1773846532.318125,35.0404,1496836,1492426,38.9,0.063568,20.00,0.881
i,41.wav,1773846533.085419,35.8077,1530626,1526216,38.5,0.058929,19.56,0.912
i,42.wav,1773846533.921593,36.6439,1567574,1563164,38.1,0.056396,20.32,0.901
i,43.wav,1773846534.751137,37.4734,1604301,1599891,36.5,0.046265,18.65,0.916
i,44.wav,1773846535.602253,38.3245,1641597,1637187,39.0,0.063873,18.81,0.802
i,45.wav,1773846536.412297,39.1346,1677362,1672952,39.4,0.069794,20.52,0.947
i,46.wav,1773846537.247006,39.9693,1714087,1709677,39.1,0.064880,19.59,0.910
i,47.wav,1773846538.06613,40.7884,1750337,1745927,38.5,0.060211,18.16,0.840
i,48.wav,1773846538.873444,41.5957,1786142,1781732,36.9,0.052612,20.09,0.902
i,49.wav,1773846539.713572,42.4358,1823176,1818766,36.0,0.045563,18.02,0.842
i,50.wav,1773846540.562579,43.2849,1860435,1856025,38.4,0.057465,19.24,0.866
i,51.wav,1773846541.362204,44.0845,1895849,1891439,38.1,0.056305,19.37,0.928
i,52.wav,1773846542.219426,44.9417,1933545,1929135,37.1,0.050140,19.34,0.968
i,53.wav,1773846543.032514,45.7548,1969176,1964766,40.0,0.074158,20.81,0.947
i,54.wav,1773846543.843204,46.5655,2005068,2000658,37.4,0.053497,19.10,0.903
i,55.wav,1773846544.716931,47.4392,2043604,2039194,38.1,0.058472,19.25,0.925
i,56.wav,1773846545.496875,48.2192,2078168,2073758,37.6,0.055603,21.62,0.945
i,57.wav,1773846546.292111,49.0144,2112834,2108424,38.9,0.063751,19.93,0.928
i,58.wav,1773846547.11335,49.8356,2149048,2144638,40.2,0.077820,21.24,0.948
i,59.wav,1773846547.994167,50.7164,2187932,2183522,39.5,0.070862,20.83,0.961
i,60.wav,1773846548.841211,51.5635,2225373,2220963,39.1,0.064941,19.66,0.967
i,61.wav,1773846549.668407,52.3907,2261980,2257570,37.1,0.051880,18.89,0.926
i,62.wav,1773846550.482419,53.2047,2297832,2293422,38.1,0.058807,19.28,0.883
i,63.wav,1773846551.332412,54.0547,2335333,2330923,37.3,0.053070,19.77,0.911
i,64.wav,1773846552.126988,54.8493,2370308,2365898,36.9,0.050507,19.17,0.943
i,65.wav,1773846552.98425,55.7065,2408144,2403734,36.9,0.050629,18.58,0.920
i,66.wav,1773846553.795825,56.5181,2443792,2439382,38.1,0.056854,18.87,0.868
i,67.wav,1773846554.621351,57.3436,2480211,2475801,38.0,0.057953,19.13,0.916
i,68.wav,1773846555.439723,58.1620,2516450,2512040,37.9,0.057739,19.16,0.875
i,69.wav,1773846556.27145,58.9937,2552917,2548507,39.9,0.074158,21.30,0.967
i,70.wav,1773846557.101286,59.8236,2589823,2585413,36.7,0.050140,19.97,0.788
i,71.wav,1773846557.856826,60.5791,2622978,2618568,37.7,0.056519,19.97,0.944
i,72.wav,1773846558.681214,61.4035,2659487,2655077,34.5,0.040253,17.93,0.870
i,73.wav,1773846559.514074,62.2364,2696296,2691886,34.8,0.041870,18.89,0.915
i,74.wav,1773846560.393166,63.1154,2735017,2730607,34.4,0.039307,17.70,0.877
i,75.wav,1773846561.295845,64.0181,2774837,2770427,34.7,0.039825,17.82,0.879
i,76.wav,1773846562.127943,64.8502,2811598,2807188,36.1,0.046234,16.72,0.803
i,77.wav,1773846563.004001,65.7263,2850243,2845833,35.1,0.041840,17.74,0.839
i,78.wav,1773846563.789327,66.5116,2884792,2880382,37.4,0.054779,18.68,0.822
i,79.wav,1773846564.627728,67.3500,2921511,2917101,38.0,0.058716,19.15,0.877
i,80.wav,1773846565.423373,68.1456,2956770,2952360,38.8,0.063904,19.03,0.913
i,81.wav,1773846566.276781,68.9991,2994374,2989964,37.1,0.051636,20.37,0.835
i,82.wav,1773846567.09692,69.8192,3030485,3026075,37.9,0.056061,22.00,0.806
i,83.wav,1773846567.875325,70.5976,3064915,3060505,37.4,0.054352,17.99,0.820
i,84.wav,1773846568.733385,71.4557,3102815,3098405,37.4,0.050385,17.62,0.903
i,85.wav,1773846569.57582,72.2981,3139742,3135332,38.8,0.062225,18.74,0.865
i,86.wav,1773846570.386651,73.1089,3175648,3171238,35.5,0.044220,17.10,0.795
i,87.wav,1773846571.231124,73.9534,3212898,3208488,38.1,0.057709,18.97,0.904
i,88.wav,1773846572.101166,74.8234,3251259,3246849,36.9,0.051971,19.27,0.870
i,89.wav,1773846572.918057,75.6403,3287112,3282702,37.5,0.055542,19.93,0.911
i,90.wav,1773846573.797925,76.5202,3326304,3321894,36.6,0.048584,17.66,0.872
i,91.wav,1773846574.615885,77.3382,3362218,3357808,33.9,0.035187,17.35,0.744
i,92.wav,1773846575.455993,78.1783,3399241,3394831,36.2,0.045715,17.08,0.882
i,93.wav,1773846576.315151,79.0374,3437146,3432736,36.5,0.048126,18.15,0.872
i,94.wav,1773846577.16191,79.8842,3474243,3469833,38.7,0.060852,18.62,0.889
i,95.wav,1773846577.962285,80.6846,3509568,3505158,39.8,0.068573,18.64,0.880
i,96.wav,1773846578.778658,81.5009,3545738,3541328,37.6,0.054382,18.02,0.881
i,97.wav,1773846579.659402,82.3817,3584637,3580227,36.9,0.048676,18.00,0.874
i,98.wav,1773846580.495353,83.2176,3621583,3617173,36.1,0.045471,17.38,0.879
i,99.wav,1773846581.383685,84.1060,3660640,3656230,36.4,0.047882,17.14,0.869
j,0.wav,1773846595.150407,1.6307,38995,34585,35.4,0.012726,14.04,1.000
j,1.wav,1773846595.954253,2.4345,74259,69849,36.8,0.015198,13.38,1.000
j,2.wav,1773846596.742746,3.2230,108970,104560,38.4,0.018219,15.14,1.000
j,3.wav,1773846597.509563,3.9898,142690,138280,40.1,0.023621,15.92,1.000
j,4.wav,1773846598.291769,4.7720,177404,172994,38.5,0.018127,14.92,1.000
j,5.wav,1773846599.113562,5.5938,213522,209112,38.7,0.018494,17.21,1.000
j,6.wav,1773846599.935679,6.4159,249714,245304,39.9,0.021088,14.19,1.000
j,7.wav,1773846600.710779,7.1910,284016,279606,38.3,0.018158,15.34,1.000
j,8.wav,1773846601.557334,8.0376,321401,316991,38.3,0.018005,14.32,1.000
j,9.wav,1773846602.3397,8.8200,355700,351290,40.2,0.022644,14.40,1.000
j,10.wav,1773846603.166777,9.6470,392402,387992,36.8,0.014526,13.17,1.000
j,11.wav,1773846603.924716,10.4050,425773,421363,38.3,0.017426,14.83,1.000
j,12.wav,1773846604.740259,11.2205,461654,457244,39.3,0.019287,15.00,1.000
j,13.wav,1773846605.536085,12.0163,496754,492344,38.6,0.018433,13.71,1.000
j,14.wav,1773846606.337239,12.8175,531905,527495,39.9,0.020294,16.75,1.000
j,15.wav,1773846607.13347,13.6137,567168,562758,38.7,0.019318,15.66,1.000
j,16.wav,1773846607.916577,14.3968,601820,597410,38.1,0.017700,14.70,1.000
j,17.wav,1773846608.713725,15.1940,636974,632564,37.4,0.016632,15.66,1.000
j,18.wav,1773846609.556148,16.0364,673988,669578,38.0,0.015930,14.24,1.000
j,19.wav,1773846610.362692,16.8429,709689,705279,38.0,0.017700,15.28,1.000
j,20.wav,1773846611.16859,17.6488,745224,740814,37.9,0.016785,13.95,0.910
j,21.wav,1773846612.009673,18.4899,782304,777894,38.6,0.018127,15.75,0.965
j,22.wav,1773846612.881777,19.3620,820675,816265,38.7,0.018982,15.64,0.928
j,23.wav,1773846613.690991,20.1712,856392,851982,37.8,0.016937,17.30,0.919
j,24.wav,1773846614.528922,21.0092,893349,888939,39.4,0.021118,15.99,0.985
j,25.wav,1773846615.441932,21.9222,933601,929191,38.0,0.017639,16.15,0.960
j,26.wav,1773846616.260533,22.7408,969723,965313,38.0,0.017242,15.39,0.913
j,27.wav,1773846617.084704,23.5650,1006232,1001822,37.5,0.016266,14.64,0.930
j,28.wav,1773846617.928253,24.4085,1043328,1038918,37.0,0.015625,16.22,0.950
j,29.wav,1773846618.813162,25.2934,1082268,1077858,38.4,0.018036,16.17,0.968
j,30.wav,1773846619.630465,26.1107,1118393,1113983,37.4,0.016296,15.82,0.968
j,31.wav,1773846620.445755,26.9260,1154277,1149867,39.0,0.020477,15.93,0.970
j,32.wav,1773846621.266053,27.7463,1190499,1186089,38.3,0.018524,15.62,0.929
j,33.wav,1773846622.027354,28.5076,1224120,1219710,37.8,0.016541,13.78,0.873
j,34.wav,1773846622.884609,29.3649,1262045,1257635,37.2,0.016266,15.07,0.970
j,35.wav,1773846623.642078,30.1223,1295419,1291009,35.0,0.012726,13.41,0.879
j,36.wav,1773846624.469094,30.9494,1331702,1327292,37.0,0.016785,16.40,0.955
j,37.wav,1773846625.269677,31.7499,1367173,1362763,36.4,0.014862,15.40,0.973
j,38.wav,1773846626.121835,32.6021,1404684,1400274,37.3,0.016571,16.65,0.974
j,39.wav,1773846627.047386,33.5276,1445437,1441027,38.3,0.018372,15.50,0.978
j,40.wav,1773846627.763091,34.2433,1477100,1472690,38.4,0.019318,16.38,0.966
j,41.wav,1773846628.526711,35.0070,1510944,1506534,37.4,0.015472,13.67,0.924
j,42.wav,1773846629.385502,35.8658,1548694,1544284,36.1,0.014160,13.77,0.930
j,43.wav,1773846630.159697,36.6400,1582797,1578387,36.9,0.015503,14.39,0.948
j,44.wav,1773846630.970788,37.4510,1618538,1614128,38.2,0.016632,13.61,0.961
j,45.wav,1773846631.713143,38.1934,1651483,1647073,34.6,0.011902,12.92,0.855
j,46.wav,1773846632.490578,38.9708,1685731,1681321,36.4,0.015015,14.78,0.976
j,47.wav,1773846633.26989,39.7501,1720144,1715734,36.1,0.014435,12.94,0.892
j,48.wav,1773846634.02204,40.5023,1753188,1748778,36.3,0.015167,13.47,0.867
j,49.wav,1773846634.825568,41.3058,1788619,1784209,37.7,0.017792,14.97,0.939
j,50.wav,1773846635.660814,42.1411,1825258,1820848,36.9,0.016266,15.13,0.887
j,51.wav,1773846636.480688,42.9609,1861572,1857162,36.7,0.015686,14.02,0.901
j,52.wav,1773846637.337849,43.8181,1899310,1894900,37.5,0.017242,15.79,0.971
j,53.wav,1773846638.168017,44.6483,1935888,1931478,37.6,0.018097,16.33,0.959
j,54.wav,1773846638.990195,45.4705,1972180,1967770,37.6,0.016083,14.21,0.919
j,55.wav,1773846639.831778,46.3120,2009179,2004769,38.0,0.018097,15.61,0.973
j,56.wav,1773846640.548594,47.0289,2041028,2036618,34.6,0.012177,13.96,0.922
j,57.wav,1773846641.327598,47.8079,2075364,2070954,36.5,0.014648,13.88,0.929
j,58.wav,1773846642.104524,48.5848,2109564,2105154,36.4,0.014923,14.19,0.951
j,59.wav,1773846642.904485,49.3847,2144894,2140484,36.6,0.015167,15.68,0.955
j,60.wav,1773846643.683645,50.1639,2179205,2174795,37.8,0.017822,15.03,0.962
j,61.wav,1773846644.464235,50.9445,2213240,2208830,29.2,0.022064,12.68,0.828
j,62.wav,1773846645.251032,51.7313,2248318,2243908,36.5,0.014984,14.20,0.913
j,63.wav,1773846645.997814,52.4781,2281334,2276924,35.7,0.012665,15.21,0.887
j,64.wav,1773846646.874354,53.3546,2319775,2315365,39.0,0.018066,14.81,0.971
j,65.wav,1773846647.751455,54.2317,2358670,2354260,35.5,0.012207,13.47,0.946
j,66.wav,1773846648.583283,55.0635,2395222,2390812,37.5,0.015961,13.92,0.955
j,67.wav,1773846649.420742,55.9010,2432363,2427953,34.9,0.012512,13.85,0.945
j,68.wav,1773846650.284721,56.7650,2469711,2465301,33.9,0.035248,13.89,0.900
j,69.wav,1773846651.176485,57.6567,2509781,2505371,36.0,0.013306,12.70,0.910
j,70.wav,1773846652.046522,58.5268,2548081,2543671,35.9,0.013885,14.38,0.934
j,71.wav,1773846652.845466,59.3257,2582906,2578496,32.1,0.027283,11.83,0.833
j,72.wav,1773846653.710947,60.1912,2621553,2617143,35.2,0.012634,14.31,0.907
j,73.wav,1773846654.535915,61.0162,2657853,2653443,36.6,0.014832,14.95,0.944
j,74.wav,1773846655.342743,61.8230,2693091,2688681,31.9,0.028198,12.57,0.859
j,75.wav,1773846656.168653,62.6489,2729196,2724786,33.4,0.034302,13.37,0.893
j,76.wav,1773846657.006544,63.4868,2766561,2762151,37.8,0.017670,15.37,0.936
j,77.wav,1773846657.801354,64.2816,2801742,2797332,38.4,0.018372,15.21,0.975
j,78.wav,1773846658.541983,65.0222,2834516,2830106,35.9,0.013855,13.93,0.959
j,79.wav,1773846659.340501,65.8208,2869851,2865441,36.2,0.014008,12.64,0.908
j,80.wav,1773846660.134471,66.6147,2904101,2899691,33.7,0.033386,12.82,0.892
j,81.wav,1773846660.956532,67.4368,2940911,2936501,37.4,0.016235,14.04,0.933
j,82.wav,1773846661.764444,68.2447,2976542,2972132,36.1,0.013977,13.65,0.850
j,83.wav,1773846662.585558,69.0658,3012798,3008388,37.8,0.016571,14.53,0.914
j,84.wav,1773846663.449501,69.9298,3050844,3046434,36.8,0.014954,15.71,0.938
j,85.wav,1773846664.319731,70.8000,3089111,3084701,37.6,0.016785,16.10,0.960
j,86.wav,1773846665.090352,71.5706,3123251,3118841,36.9,0.015717,15.55,0.905
j,87.wav,1773846665.890253,72.3705,3157906,3153496,32.9,0.034149,12.87,0.827
j,88.wav,1773846666.765751,73.2460,3197081,3192671,35.8,0.014282,14.32,0.955
j,89.wav,1773846667.556707,74.0370,3232120,3227710,36.8,0.015533,14.19,0.964
j,90.wav,1773846668.390444,74.8707,3268936,3264526,35.8,0.013977,13.29,0.938
j,91.wav,1773846669.224414,75.7047,3305611,3301201,34.6,0.012146,13.37,0.950
j,92.wav,1773846670.064163,76.5444,3342711,3338301,35.5,0.013458,13.77,0.942
j,93.wav,1773846670.84443,77.3247,3377065,3372655,35.4,0.013275,12.92,0.884
j,94.wav,1773846671.680922,78.1612,3414023,3409613,35.5,0.014038,13.66,0.957
j,95.wav,1773846672.484269,78.9645,3448691,3444281,32.1,0.030457,13.06,0.931
j,96.wav,1773846673.306481,79.7867,3485615,3481205,35.5,0.014282,13.38,0.870
j,97.wav,1773846674.142493,80.6227,3522519,3518109,36.0,0.014465,13.57,0.909
j,98.wav,1773846674.951428,81.4317,3558282,3553872,35.6,0.014374,14.40,0.911
j,99.wav,1773846675.805986,82.2862,3595654,3591244,36.8,0.015656,16.36,0.919
k,0.wav,1773846690.067706,1.5870,31002,26592,37.2,0.016724,15.42,1.000
k,1.wav,1773846690.88131,2.4006,66915,62505,37.9,0.019104,15.22,1.000
k,2.wav,1773846691.735001,3.2543,104548,100138,37.3,0.018768,16.35,1.000
k,3.wav,1773846692.560151,4.0795,141080,136670,36.3,0.016357,13.98,1.000
k,4.wav,1773846693.338148,4.8575,175234,170824,37.9,0.020691,16.08,1.000
k,5.wav,1773846694.176256,5.6956,212400,207990,35.8,0.015564,14.38,1.000
k,6.wav,1773846694.940947,6.4603,245845,241435,40.0,0.024475,15.27,1.000
k,7.wav,1773846695.723014,7.2423,280644,276234,34.6,0.013702,14.39,1.000
k,8.wav,1773846696.629358,8.1487,320503,316093,34.7,0.013641,14.41,1.000
k,9.wav,1773846697.451558,8.9709,356608,352198,38.5,0.020996,14.18,1.000
k,10.wav,1773846698.247046,9.7664,391833,387423,37.6,0.019165,14.07,1.000
k,11.wav,1773846699.065398,10.5847,428000,423590,36.8,0.017426,14.23,1.000
k,12.wav,1773846699.941647,11.4610,467098,462688,30.8,0.025177,15.80,1.000
k,13.wav,1773846700.744235,12.2635,502260,497850,35.5,0.015228,13.38,1.000
k,14.wav,1773846701.602827,13.1221,539411,535001,29.2,0.021454,14.10,1.000
k,15.wav,1773846702.461504,13.9808,577629,573219,35.1,0.014435,15.82,1.000
k,16.wav,1773846703.326577,14.8459,615891,611481,35.2,0.014832,14.71,1.000
k,17.wav,1773846704.178178,15.6975,653448,649038,33.8,0.012878,14.14,1.000
k,18.wav,1773846705.03196,16.5513,691055,686645,35.4,0.015045,14.84,1.000
k,19.wav,1773846705.90603,17.4253,729556,725146,36.9,0.018463,15.82,1.000
k,20.wav,1773846706.655615,18.1749,762816,758406,32.1,0.010681,14.54,0.876
k,21.wav,1773846707.512814,19.0321,800431,796021,36.1,0.016968,15.27,0.925
k,22.wav,1773846708.376444,19.8958,838506,834096,36.7,0.018341,15.52,0.919
k,23.wav,1773846709.196227,20.7155,874660,870250,36.6,0.017242,15.66,0.911
k,24.wav,1773846709.885253,21.4046,905359,900949,32.1,0.010345,14.32,0.814
k,25.wav,1773846710.75505,22.2744,943412,939002,35.0,0.014648,15.68,0.921
k,26.wav,1773846711.701159,23.2205,984956,980546,38.0,0.020233,16.26,0.919
k,27.wav,1773846712.507195,24.0265,1020690,1016280,37.2,0.019073,15.11,0.934
k,28.wav,1773846713.296163,24.8155,1055485,1051075,35.9,0.016266,15.23,0.910
k,29.wav,1773846714.103107,25.6224,1091081,1086671,36.9,0.017914,14.27,0.925
k,30.wav,1773846715.000185,26.5195,1130564,1126154,38.0,0.020996,16.77,0.926
k,31.wav,1773846715.831222,27.3505,1167304,1162894,37.4,0.018188,14.17,0.924
k,32.wav,1773846716.669006,28.1883,1204135,1199725,38.4,0.021881,15.41,0.910
k,33.wav,1773846717.464148,28.9835,1239182,1234772,37.9,0.020386,15.62,0.888
k,34.wav,1773846718.173103,29.6924,1270699,1266289,34.4,0.013763,14.81,0.910
k,35.wav,1773846719.00013,30.5194,1307027,1302617,36.1,0.016357,15.22,0.882
k,36.wav,1773846719.85179,31.3711,1344663,1340253,34.6,0.013184,15.03,0.853
k,37.wav,1773846720.637316,32.1566,1379370,1374960,33.7,0.011963,19.26,0.810
k,38.wav,1773846721.461806,32.9811,1415810,1411400,33.2,0.011871,14.40,0.888
k,39.wav,1773846722.276972,33.7963,1451500,1447090,36.0,0.016205,15.17,0.901
k,40.wav,1773846723.025725,34.5450,1484506,1480096,36.0,0.016571,15.44,0.890
k,41.wav,1773846723.823972,35.3433,1519833,1515423,34.2,0.012878,14.95,0.844
k,42.wav,1773846724.598779,36.1181,1553766,1549356,37.5,0.019440,17.84,0.921
k,43.wav,1773846725.380877,36.9002,1588265,1583855,38.8,0.021973,15.85,0.915
k,44.wav,1773846726.160493,37.6798,1622725,1618315,37.4,0.018219,15.98,0.890
k,45.wav,1773846726.939555,38.4589,1657186,1652776,36.1,0.016418,15.81,0.871
k,46.wav,1773846727.697347,39.2167,1690837,1686427,35.3,0.014313,15.30,0.880
k,47.wav,1773846728.498027,40.0173,1725993,1721583,33.9,0.012482,13.43,0.897
k,48.wav,1773846729.235078,40.7544,1758402,1753992,35.6,0.015594,14.90,0.886
k,49.wav,1773846730.054414,41.5737,1794539,1790129,35.2,0.014862,13.37,0.917
k,50.wav,1773846730.871654,42.3910,1830468,1826058,37.8,0.020660,15.36,0.871
k,51.wav,1773846731.660072,43.1794,1865289,1860879,36.2,0.016602,14.13,0.907
k,52.wav,1773846732.429962,43.9493,1899417,1895007,34.1,0.012939,14.47,0.859
k,53.wav,1773846733.229591,44.7489,1934552,1930142,35.2,0.015198,14.93,0.906
k,54.wav,1773846734.048772,45.5681,1970903,1966493,35.2,0.015137,13.06,0.853
k,55.wav,1773846734.877823,46.3971,2007389,2002979,35.8,0.015900,15.13,0.904
k,56.wav,1773846735.691432,47.2107,2043203,2038793,36.1,0.016510,14.94,0.918
k,57.wav,1773846736.467173,47.9865,2077497,2073087,35.0,0.014465,13.92,0.878
k,58.wav,1773846737.325798,48.8451,2114748,2110338,31.0,0.026489,13.50,0.763
k,59.wav,1773846738.259498,49.7788,2156513,2152103,34.7,0.013672,15.40,0.904
k,60.wav,1773846739.107634,50.6269,2193727,2189317,36.5,0.017151,16.61,0.883
k,61.wav,1773846739.999664,51.5190,2233096,2228686,36.3,0.016602,15.44,0.900
k,62.wav,1773846740.883084,52.4024,2271962,2267552,36.6,0.017120,15.17,0.935
k,63.wav,1773846741.80387,53.3232,2312452,2308042,38.3,0.020538,17.43,0.925
k,64.wav,1773846742.708943,54.2283,2352485,2348075,36.2,0.016327,16.62,0.908
k,65.wav,1773846743.496486,55.0158,2387246,2382836,37.6,0.019165,15.63,0.926
k,66.wav,1773846744.297385,55.8167,2422610,2418200,36.4,0.016968,15.77,0.932
k,67.wav,1773846745.10599,56.6253,2458271,2453861,36.1,0.016052,16.02,0.906
k,68.wav,1773846745.890977,57.4103,2492938,2488528,37.4,0.018311,15.73,0.927
k,69.wav,1773846746.680709,58.2000,2527879,2523469,34.9,0.014221,16.03,0.899
k,70.wav,1773846747.473784,58.9931,2562966,2558556,34.3,0.012970,14.80,0.826
k,71.wav,1773846748.332914,59.8522,2600533,2596123,38.5,0.021423,17.10,0.939
k,72.wav,1773846749.209382,60.7287,2639160,2634750,37.6,0.019226,17.00,0.930
k,73.wav,1773846750.003045,61.5224,2674251,2669841,36.5,0.016968,15.84,0.919
k,74.wav,1773846750.8359,62.3552,2710945,2706535,38.0,0.020813,16.38,0.929
k,75.wav,1773846751.633792,63.1531,2746082,2741672,38.4,0.020569,17.26,0.932
k,76.wav,1773846752.444261,63.9636,2781992,2777582,37.0,0.018127,15.13,0.915
k,77.wav,1773846753.242134,64.7614,2817146,2812736,37.4,0.019043,14.79,0.893
k,78.wav,1773846754.087818,65.6071,2854213,2849803,37.5,0.019470,14.36,0.895
k,79.wav,1773846754.925946,66.4453,2891307,2886897,36.8,0.017822,16.58,0.866
k,80.wav,1773846755.758038,67.2773,2928151,2923741,36.5,0.017120,16.29,0.920
k,81.wav,1773846756.555067,68.0744,2962918,2958508,38.1,0.021240,9.59,0.854
k,82.wav,1773846757.409974,68.9293,3000746,2996336,38.2,0.020813,16.21,0.901
k,83.wav,1773846758.250133,69.7694,3037968,3033558,34.8,0.014069,14.69,0.887
k,84.wav,1773846759.010961,70.5303,3071611,3067201,33.5,0.012268,13.72,0.905
k,85.wav,1773846759.904892,71.4242,3110908,3106498,35.8,0.015656,15.52,0.930
k,86.wav,1773846760.750781,72.2701,3148232,3143822,37.4,0.019135,16.04,0.921
k,87.wav,1773846761.487223,73.0065,3180751,3176341,35.5,0.015442,15.72,0.902
k,88.wav,1773846762.264001,73.7833,3214906,3210496,37.7,0.019745,15.40,0.935
k,89.wav,1773846763.059043,74.5784,3250078,3245668,35.3,0.014954,13.95,0.897
k,90.wav,1773846763.871354,75.3907,3285773,3281363,35.3,0.014923,15.06,0.922
k,91.wav,1773846764.735185,76.2545,3324226,3319816,32.2,0.010193,14.68,0.872
k,92.wav,1773846765.529308,77.0486,3358935,3354525,35.4,0.014801,15.83,0.905
k,93.wav,1773846766.310729,77.8300,3393424,3389014,36.2,0.017120,15.46,0.916
k,94.wav,1773846767.06891,78.5882,3426524,3422114,28.7,0.019501,17.87,0.731
k,95.wav,1773846767.872245,79.3916,3462242,3457832,37.2,0.018860,14.79,0.897
k,96.wav,1773846768.665064,80.1844,3497251,3492841,34.1,0.013000,21.83,0.817
k,97.wav,1773846769.467249,80.9866,3532629,3528219,34.7,0.014038,16.30,0.927
k,98.wav,1773846770.304864,81.8242,3569660,3565250,35.2,0.014893,16.82,0.926
k,99.wav,1773846771.293072,82.8124,3613106,3608696,36.6,0.017059,16.84,0.925
l,0.wav,1773846782.152318,1.1294,17033,12623,33.6,0.013489,17.68,1.000
l,1.wav,1773846782.956908,1.9340,52386,47976,34.9,0.016296,18.69,1.000
l,2.wav,1773846783.742974,2.7201,87119,82709,34.5,0.016235,17.99,1.000
l,3.wav,1773846784.482275,3.4594,119986,115576,33.4,0.014191,17.76,1.000
l,4.wav,1773846785.25709,4.2342,153946,149536,35.5,0.017975,18.58,1.000
l,5.wav,1773846786.126235,5.1034,192304,187894,36.5,0.020203,18.42,1.000
l,6.wav,1773846787.005748,5.9829,231103,226693,35.1,0.016937,17.99,1.000
l,7.wav,1773846787.844208,6.8213,268123,263713,35.5,0.017609,17.54,1.000
l,8.wav,1773846788.593779,7.5709,301586,297176,31.4,0.010864,15.31,1.000
l,9.wav,1773846789.445077,8.4222,338717,334307,36.0,0.018616,18.23,1.000
l,10.wav,1773846790.280099,9.2572,375398,370988,34.6,0.016541,20.89,1.000
l,11.wav,1773846791.146194,10.1233,413824,409414,34.3,0.015076,16.55,1.000
l,12.wav,1773846791.981389,10.9585,450556,446146,32.3,0.011963,19.44,1.000
l,13.wav,1773846792.837991,11.8151,488430,484020,31.9,0.011719,16.11,1.000
l,14.wav,1773846793.679898,12.6570,525686,521276,31.7,0.011505,15.97,1.000
l,15.wav,1773846794.573884,13.5510,565068,560658,32.5,0.012817,16.04,1.000
l,16.wav,1773846795.430069,14.4072,603024,598614,31.0,0.010406,16.33,1.000
l,17.wav,1773846796.334364,15.3115,642601,638191,34.2,0.014954,17.63,1.000
l,18.wav,1773846797.257053,16.2342,683307,678897,31.6,0.010803,17.25,1.000
l,19.wav,1773846798.212991,17.1901,725507,721097,31.9,0.011597,16.22,1.000
l,20.wav,1773846799.088033,18.0652,763930,759520,34.3,0.014984,19.41,0.933
l,21.wav,1773846799.976634,18.9538,803163,798753,31.5,0.010895,19.94,0.960
l,22.wav,1773846800.837812,19.8149,841269,836859,30.7,0.010132,18.21,0.934
l,23.wav,1773846801.681795,20.6589,878665,874255,30.2,0.009308,14.90,0.915
l,24.wav,1773846802.54793,21.5251,916817,912407,30.2,0.009521,16.01,0.952
l,25.wav,1773846803.332188,22.3093,951516,947106,28.9,0.008392,15.33,0.923
l,26.wav,1773846804.211702,23.1888,990051,985641,29.9,0.009216,14.94,0.894
l,27.wav,1773846805.066159,24.0433,1027526,1023116,33.3,0.013214,16.67,0.953
l,28.wav,1773846805.921274,24.8984,1065582,1061172,30.4,0.009674,15.83,0.872
l,29.wav,1773846806.740137,25.7173,1101558,1097148,32.3,0.011963,16.10,0.903
l,30.wav,1773846807.680069,26.6572,1142802,1138392,34.3,0.015381,15.22,0.889
l,31.wav,1773846808.519568,27.4967,1180086,1175676,32.7,0.012421,15.40,0.917
l,32.wav,1773846809.323897,28.3010,1215597,1211187,32.2,0.011536,16.15,0.900
l,33.wav,1773846810.247284,29.2244,1256104,1251694,33.8,0.014343,17.85,0.954
l,34.wav,1773846811.15689,30.1340,1296331,1291921,32.3,0.012146,16.61,0.937
l,35.wav,1773846812.012808,30.9899,1333807,1329397,35.6,0.018127,18.38,0.954
l,36.wav,1773846812.791844,31.7690,1368556,1364146,31.2,0.010559,17.98,0.904
l,37.wav,1773846813.60928,32.5864,1404565,1400155,32.5,0.011932,16.59,0.900
l,38.wav,1773846814.507099,33.4842,1444147,1439737,33.2,0.013031,18.32,0.949
l,39.wav,1773846815.301996,34.2791,1479170,1474760,31.3,0.010651,15.79,0.947
l,40.wav,1773846816.113341,35.0905,1514981,1510571,32.3,0.011505,17.01,0.919
l,41.wav,1773846816.917654,35.8948,1549867,1545457,28.4,0.021606,16.57,0.684
l,42.wav,1773846817.718878,36.6960,1585344,1580934,28.2,0.020935,15.48,0.666
l,43.wav,1773846818.580973,37.5581,1623361,1618951,27.9,0.020142,14.50,0.703
l,44.wav,1773846819.425907,38.4030,1660962,1656552,34.2,0.014160,17.26,0.925
l,45.wav,1773846820.269735,39.2469,1698380,1693970,30.8,0.009918,16.82,0.929
l,46.wav,1773846821.000551,39.9777,1730714,1726304,30.7,0.009766,15.12,0.784
l,47.wav,1773846821.883699,40.8608,1769593,1765183,31.0,0.010406,15.84,0.924
l,48.wav,1773846822.72754,41.7047,1806797,1802387,31.8,0.011200,17.83,0.928
l,49.wav,1773846823.592059,42.5692,1844691,1840281,30.0,0.009216,16.36,0.946
l,50.wav,1773846824.415605,43.3927,1880943,1876533,33.5,0.013947,17.32,0.960
l,51.wav,1773846825.261475,44.2386,1918318,1913908,32.9,0.012573,16.87,0.951
l,52.wav,1773846826.049973,45.0271,1952845,1948435,34.1,0.014648,17.32,0.965
l,53.wav,1773846826.778962,45.7561,1985194,1980784,31.3,0.010864,16.64,0.926
l,54.wav,1773846827.540856,46.5180,2018666,2014256,34.1,0.014557,17.96,0.931
l,55.wav,1773846828.321917,47.2990,2053085,2048675,33.7,0.014099,16.54,0.942
l,56.wav,1773846829.065785,48.0429,2086210,2081800,28.6,0.007568,15.33,0.698
l,57.wav,1773846829.902898,48.8800,2122755,2118345,35.6,0.017731,18.00,0.939
l,58.wav,1773846830.689836,49.6670,2157661,2153251,34.2,0.014801,17.46,0.929
l,59.wav,1773846831.45001,50.4271,2191180,2186770,33.4,0.013611,17.25,0.905
l,60.wav,1773846832.202906,51.1800,2224249,2219839,34.6,0.014954,19.12,0.899
l,61.wav,1773846832.957563,51.9347,2257842,2253432,32.8,0.011871,18.06,0.876
l,62.wav,1773846833.704608,52.6817,2290475,2286065,35.6,0.017639,18.79,0.933
l,63.wav,1773846834.491841,53.4690,2325172,2320762,35.2,0.016937,19.68,0.950
l,64.wav,1773846835.253233,54.2304,2358997,2354587,32.7,0.012482,15.46,0.845
l,65.wav,1773846836.043665,55.0208,2393679,2389269,34.0,0.015594,17.58,0.922
l,66.wav,1773846836.804249,55.7814,2427276,2422866,33.7,0.015198,17.78,0.944
l,67.wav,1773846837.578639,56.5558,2461406,2456996,32.7,0.012848,19.41,0.864
l,68.wav,1773846838.343424,57.3206,2495127,2490717,34.0,0.014862,16.97,0.885
l,69.wav,1773846839.059809,58.0369,2526676,2522266,34.3,0.015869,15.40,0.908
l,70.wav,1773846839.82563,58.8028,2560367,2555957,36.7,0.021149,19.69,0.945
l,71.wav,1773846840.575848,59.5530,2593506,2589096,34.8,0.016663,20.38,0.917
l,72.wav,1773846841.313103,60.2902,2625967,2621557,35.7,0.018250,18.23,0.893
l,73.wav,1773846842.102904,61.0800,2660912,2656502,34.7,0.016479,19.23,0.943
l,74.wav,1773846842.922395,61.8995,2697044,2692634,35.8,0.018707,18.97,0.953
l,75.wav,1773846843.686931,62.6641,2730648,2726238,34.3,0.015503,17.83,0.932
l,76.wav,1773846844.450895,63.4280,2764433,2760023,34.8,0.016693,18.72,0.964
l,77.wav,1773846845.280958,64.2581,2801109,2796699,34.9,0.016113,17.44,0.955
l,78.wav,1773846846.079581,65.0567,2836086,2831676,38.2,0.023254,17.75,0.920
l,79.wav,1773846846.861815,65.8389,2870751,2866341,34.6,0.016663,15.89,0.836
l,80.wav,1773846847.630088,66.6072,2904499,2900089,36.7,0.020386,18.54,0.983
l,81.wav,1773846848.360739,67.3379,2936732,2932322,35.6,0.017609,19.01,0.968
l,82.wav,1773846849.139338,68.1165,2971140,2966730,36.2,0.019073,18.74,0.973
l,83.wav,1773846849.889472,68.8666,3004311,2999901,35.1,0.016388,17.75,0.903
l,84.wav,1773846850.605634,69.5828,3035840,3031430,35.3,0.017548,19.84,0.869
l,85.wav,1773846851.356877,70.3340,3068978,3064568,36.0,0.018707,18.49,0.872
l,86.wav,1773846852.12681,71.1039,3102795,3098385,37.1,0.020721,18.32,0.926
l,87.wav,1773846852.825718,71.8028,3133581,3129171,37.3,0.022064,19.33,0.954
l,88.wav,1773846853.61185,72.5890,3168299,3163889,37.2,0.021606,19.08,0.961
l,89.wav,1773846854.359975,73.3371,3201366,3196956,35.1,0.015839,16.72,0.942
l,90.wav,1773846855.171053,74.1482,3237493,3233083,32.0,0.009583,15.06,0.734
l,91.wav,1773846855.941856,74.9190,3271033,3266623,38.0,0.022766,20.04,0.951
l,92.wav,1773846856.706758,75.6839,3304939,3300529,32.8,0.011932,18.02,0.933
l,93.wav,1773846857.389828,76.3670,3334925,3330515,35.7,0.017303,19.92,0.929
l,94.wav,1773846858.145132,77.1223,3368501,3364091,31.9,0.011139,18.87,0.889
l,95.wav,1773846858.828693,77.8058,3398317,3393907,36.2,0.018280,19.26,0.910
l,96.wav,1773846859.534681,78.5118,3429563,3425153,35.9,0.018036,18.00,0.902
l,97.wav,1773846860.257694,79.2348,3461455,3457045,35.7,0.016113,16.88,0.874
l,98.wav,1773846861.117673,80.0948,3499385,3494975,36.4,0.019592,20.22,0.958
l,99.wav,1773846861.89549,80.8726,3533538,3529128,41.6,0.034790,19.26,0.917
m,0.wav,1773846872.347066,0.9428,5030,620,19.9,0.007050,16.01,1.000
m,1.wav,1773846873.160638,1.7564,34569,30159,40.2,0.032227,13.76,1.000
m,2.wav,1773846873.894689,2.4904,67075,62665,38.9,0.027954,13.26,1.000
m,3.wav,1773846874.654385,3.2501,100292,95882,30.5,0.028229,11.38,1.000
m,4.wav,1773846875.468639,4.0644,136795,132385,33.9,0.014557,11.96,1.000
m,5.wav,1773846876.262225,4.8580,171719,167309,32.3,0.012848,10.65,1.000
m,6.wav,1773846877.065287,5.6610,206958,202548,37.3,0.022888,13.59,1.000
m,7.wav,1773846877.762384,6.3581,237821,233411,35.4,0.018250,13.60,1.000
m,8.wav,1773846878.606855,7.2026,274870,270460,37.1,0.021820,13.41,1.000
m,9.wav,1773846879.361251,7.9570,308351,303941,35.9,0.018707,12.69,1.000
m,10.wav,1773846880.157578,8.7533,343393,338983,35.7,0.017059,12.54,1.000
m,11.wav,1773846880.922463,9.5182,377087,372677,36.6,0.020966,13.49,1.000
m,12.wav,1773846881.69753,10.2933,411219,406809,37.7,0.022339,13.58,1.000
m,13.wav,1773846882.5238,11.1196,447802,443392,36.3,0.019501,12.58,1.000
m,14.wav,1773846883.266838,11.8626,480615,476205,34.4,0.016571,12.62,1.000
m,15.wav,1773846884.130959,12.7267,518703,514293,34.3,0.015961,11.87,1.000
m,16.wav,1773846884.959581,13.5553,555149,550739,35.4,0.018219,12.34,1.000
m,17.wav,1773846885.810807,14.4066,592799,588389,36.3,0.019836,13.31,1.000
m,18.wav,1773846886.635735,15.2315,629159,624749,35.3,0.017761,12.33,1.000
m,19.wav,1773846887.414596,16.0104,663433,659023,35.7,0.019165,12.88,1.000
m,20.wav,1773846888.228403,16.8242,699414,695004,36.0,0.019318,11.97,0.961
m,21.wav,1773846889.024701,17.6205,734672,730262,33.2,0.014374,12.77,0.935
m,22.wav,1773846889.789333,18.3851,768238,763828,35.3,0.017914,13.49,0.976
m,23.wav,1773846890.641386,19.2371,805812,801402,34.2,0.016083,13.32,0.967
m,24.wav,1773846891.385502,19.9813,838508,834098,35.4,0.019104,14.29,0.965
m,25.wav,1773846892.138356,20.7341,871717,867307,35.4,0.019043,13.63,0.945
m,26.wav,1773846892.934856,21.5306,907146,902736,33.1,0.013947,11.76,0.941
m,27.wav,1773846893.749318,22.3451,942991,938581,34.0,0.015656,12.47,0.958
m,28.wav,1773846894.591533,23.1873,980020,975610,36.0,0.018921,12.08,0.975
m,29.wav,1773846895.454318,24.0501,1018273,1013863,34.1,0.016541,13.23,0.958
m,30.wav,1773846896.293326,24.8891,1055190,1050780,33.2,0.014008,12.64,0.960
m,31.wav,1773846897.169967,25.7657,1094013,1089603,33.8,0.015778,12.32,0.951
m,32.wav,1773846897.89537,26.4911,1125862,1121452,32.9,0.013794,12.44,0.946
m,33.wav,1773846898.758497,27.3543,1164014,1159604,33.0,0.013702,10.97,0.902
m,34.wav,1773846899.635415,28.2312,1202730,1198320,32.4,0.013184,12.21,0.941
m,35.wav,1773846900.418563,29.0143,1237004,1232594,25.4,0.014862,9.89,0.648
m,36.wav,1773846901.310186,29.9059,1276311,1271901,33.0,0.014557,13.21,0.939
m,37.wav,1773846902.218207,30.8140,1316240,1311830,37.1,0.021667,13.33,0.975
m,38.wav,1773846903.099987,31.6957,1355100,1350690,36.3,0.020203,12.84,0.961
m,39.wav,1773846903.951524,32.5473,1392733,1388323,36.6,0.020416,12.78,0.980
m,40.wav,1773846904.819744,33.4155,1431024,1426614,34.3,0.015564,11.39,0.956
m,41.wav,1773846905.657536,34.2533,1468045,1463635,34.5,0.015930,12.88,0.976
m,42.wav,1773846906.498258,35.0940,1505055,1500645,36.1,0.018799,11.38,0.935
m,43.wav,1773846907.325353,35.9211,1541516,1537106,36.2,0.020386,11.91,0.863
m,44.wav,1773846908.150106,36.7459,1577836,1573426,34.1,0.015411,11.39,0.812
m,45.wav,1773846909.009778,37.6055,1615807,1611397,35.3,0.017273,10.64,0.885
m,46.wav,1773846909.831713,38.4275,1652081,1647671,34.3,0.016602,11.51,0.901
m,47.wav,1773846910.64953,39.2453,1688145,1683735,36.2,0.020081,11.58,0.938
m,48.wav,1773846911.438335,40.0341,1722918,1718508,36.4,0.020142,12.57,0.947
m,49.wav,1773846912.255934,40.8517,1758744,1754334,38.0,0.024170,13.35,0.968
m,50.wav,1773846913.015794,41.6115,1792329,1787919,36.4,0.020020,11.90,0.939
m,51.wav,1773846913.902953,42.4987,1831585,1827175,36.0,0.019226,11.86,0.935
m,52.wav,1773846914.700251,43.2960,1866849,1862439,34.5,0.016449,11.58,0.934
m,53.wav,1773846915.530087,44.1258,1903221,1898811,37.3,0.022400,12.83,0.958
m,54.wav,1773846916.297242,44.8930,1937239,1932829,35.2,0.017700,11.32,0.944
m,55.wav,1773846917.119411,45.7152,1973356,1968946,36.8,0.020660,12.35,0.933
m,56.wav,1773846917.930699,46.5265,2009101,2004691,36.2,0.019623,12.27,0.932
m,57.wav,1773846918.703372,47.2991,2043273,2038863,35.5,0.017883,11.75,0.929
m,58.wav,1773846919.490752,48.0865,2077952,2073542,35.5,0.017761,12.09,0.950
m,59.wav,1773846920.342368,48.9381,2115502,2111092,36.4,0.020050,12.63,0.962
m,60.wav,1773846921.127818,49.7236,2150202,2145792,34.6,0.016571,12.29,0.950
m,61.wav,1773846921.881315,50.4771,2183460,2179050,34.2,0.015839,11.61,0.943
m,62.wav,1773846922.820645,51.4164,2224885,2220475,34.5,0.016327,11.98,0.929
m,63.wav,1773846923.666297,52.2621,2262391,2257981,34.1,0.015442,11.37,0.880
m,64.wav,1773846924.42452,53.0203,2295729,2291319,34.1,0.016174,12.61,0.895
m,65.wav,1773846925.215787,53.8115,2330633,2326223,35.1,0.017487,12.01,0.906
m,66.wav,1773846926.056518,54.6523,2367508,2363098,35.8,0.019684,13.15,0.938
m,67.wav,1773846926.836379,55.4321,2401960,2397550,35.8,0.019348,13.68,0.944
m,68.wav,1773846927.621181,56.2169,2436546,2432136,34.8,0.017151,11.92,0.954
m,69.wav,1773846928.547996,57.1438,2477413,2473003,35.2,0.017395,12.13,0.968
m,70.wav,1773846929.27742,57.8732,2509661,2505251,34.6,0.016693,12.62,0.948
m,71.wav,1773846930.03346,58.6292,2542882,2538472,36.2,0.020111,12.40,0.964
m,72.wav,1773846930.821373,59.4171,2577828,2573418,35.3,0.017700,11.37,0.920
m,73.wav,1773846931.587034,60.1828,2611419,2607009,38.5,0.025238,13.33,0.986
m,74.wav,1773846932.365101,60.9609,2645897,2641487,34.8,0.016022,12.02,0.959
m,75.wav,1773846933.224226,61.8200,2683754,2679344,35.8,0.018311,12.17,0.950
m,76.wav,1773846934.067119,62.6629,2720791,2716381,35.5,0.017883,11.91,0.936
m,77.wav,1773846934.863358,63.4591,2756135,2751725,33.4,0.014709,12.18,0.926
m,78.wav,1773846935.783022,64.3788,2796589,2792179,34.2,0.016388,13.61,0.977
m,79.wav,1773846936.565007,65.1608,2831305,2826895,33.3,0.014526,11.24,0.918
m,80.wav,1773846937.411166,66.0069,2868246,2863836,34.7,0.016815,11.82,0.952
m,81.wav,1773846938.246266,66.8420,2905031,2900621,37.2,0.022125,13.08,0.974
m,82.wav,1773846939.03317,67.6289,2939993,2935583,36.6,0.020569,13.03,0.980
m,83.wav,1773846939.827986,68.4237,2974961,2970551,35.7,0.018463,12.58,0.977
m,84.wav,1773846940.630192,69.2259,3010150,3005740,37.8,0.023560,13.48,0.982
m,85.wav,1773846941.462581,70.0583,3046871,3042461,37.6,0.023132,12.37,0.978
m,86.wav,1773846942.257132,70.8529,3082019,3077609,35.3,0.018036,12.63,0.958
m,87.wav,1773846943.079673,71.6754,3118209,3113799,36.4,0.019440,12.30,0.971
m,88.wav,1773846943.849591,72.4453,3152163,3147753,35.4,0.018005,12.73,0.971
m,89.wav,1773846944.649898,73.2457,3187389,3182979,37.0,0.021301,12.03,0.955
m,90.wav,1773846945.432172,74.0279,3222093,3217683,35.8,0.018921,12.52,0.955
m,91.wav,1773846946.215674,74.8114,3256520,3252110,35.8,0.019440,12.82,0.962
m,92.wav,1773846947.062431,75.6582,3293998,3289588,36.1,0.019043,11.41,0.937
m,93.wav,1773846947.84446,76.4402,3328499,3324089,35.5,0.018585,11.97,0.958
m,94.wav,1773846948.655296,77.2511,3364142,3359732,37.1,0.021179,11.94,0.965
m,95.wav,1773846949.495282,78.0910,3401263,3396853,35.3,0.017181,12.09,0.962
m,96.wav,1773846950.287127,78.8829,3436086,3431676,36.0,0.019409,12.67,0.981
m,97.wav,1773846951.104523,79.7003,3472367,3467957,34.7,0.016327,11.34,0.934
m,98.wav,1773846951.934729,80.5305,3508811,3504401,35.6,0.018585,13.03,0.963
m,99.wav,1773846952.829947,81.4257,3548132,3543722,36.8,0.021118,12.03,0.883
n,0.wav,1773849285.965251,0.9048,5365,955,33.2,0.024017,20.09,1.000
n,1.wav,1773849286.697632,1.6372,14613,10203,35.5,0.016235,19.58,1.000
n,2.wav,1773849287.509695,2.4493,50844,46434,34.7,0.015076,21.57,1.000
n,3.wav,1773849288.275672,3.2152,84587,80177,35.8,0.018219,19.09,1.000
n,4.wav,1773849289.04259,3.9822,118332,113922,35.9,0.018219,17.46,1.000
n,5.wav,1773849289.77057,4.7101,150520,146110,34.3,0.015625,19.56,1.000
n,6.wav,1773849290.515835,5.4554,183258,178848,35.7,0.018860,18.75,1.000
n,7.wav,1773849291.272893,6.2125,216642,212232,35.1,0.017517,18.45,1.000
n,8.wav,1773849292.028843,6.9684,250060,245650,36.9,0.020905,18.56,1.000
n,9.wav,1773849292.812612,7.7522,284614,280204,38.5,0.023254,18.40,1.000
n,10.wav,1773849293.632049,8.5716,320776,316366,35.6,0.016785,18.24,1.000
n,11.wav,1773849294.490061,9.4296,358591,354181,34.4,0.014252,16.13,1.000
n,12.wav,1773849295.260011,10.1996,392557,388147,35.8,0.017242,17.63,1.000
n,13.wav,1773849296.0778,11.0174,428745,424335,33.9,0.013824,16.38,1.000
n,14.wav,1773849296.825163,11.7647,461653,457243,35.1,0.015839,15.40,1.000
n,15.wav,1773849297.625868,12.5654,496870,492460,34.5,0.015594,17.09,1.000
n,16.wav,1773849298.386802,13.3264,530480,526070,36.7,0.015747,18.52,1.000
n,17.wav,1773849299.161713,14.1013,564035,559625,34.8,0.042938,15.71,1.000
n,18.wav,1773849299.948295,14.8879,599370,594960,34.9,0.015106,16.73,1.000
n,19.wav,1773849300.703696,15.6433,632699,628289,35.2,0.016113,14.75,1.000
n,20.wav,1773849301.487848,16.4274,667348,662938,35.5,0.013794,16.40,0.658
n,21.wav,1773849302.229772,17.1693,699284,694874,33.5,0.037628,14.91,0.513
n,22.wav,1773849302.961579,17.9011,732316,727906,33.1,0.011963,15.37,0.605
n,23.wav,1773849303.823828,18.7634,770255,765845,32.9,0.012512,21.11,0.520
n,24.wav,1773849304.630646,19.5702,805768,801358,35.9,0.017365,17.70,0.711
n,25.wav,1773849305.413692,20.3533,840310,835900,34.4,0.014771,18.81,0.705
n,26.wav,1773849306.174673,21.1142,873893,869483,36.1,0.018616,17.87,0.689
n,27.wav,1773849306.969456,21.9090,908933,904523,36.5,0.018768,15.97,0.660
n,28.wav,1773849307.72872,22.6683,942603,938193,34.4,0.014496,16.49,0.675
n,29.wav,1773849308.508759,23.4483,976871,972461,36.1,0.014435,15.95,0.684
n,30.wav,1773849309.280458,24.2200,1010856,1006446,35.5,0.016663,16.64,0.677
n,31.wav,1773849310.090954,25.0305,1046677,1042267,35.4,0.015900,15.72,0.686
n,32.wav,1773849310.869252,25.8088,1080940,1076530,35.9,0.017578,17.18,0.695
n,33.wav,1773849311.667665,26.6072,1116211,1111801,34.7,0.014557,14.87,0.637
n,34.wav,1773849312.4782,27.4178,1151924,1147514,35.4,0.016754,18.27,0.695
n,35.wav,1773849313.264814,28.2044,1186643,1182233,35.8,0.016724,16.29,0.626
n,36.wav,1773849314.036815,28.9764,1220651,1216241,36.2,0.017914,17.34,0.690
n,37.wav,1773849314.788534,29.7281,1253876,1249466,34.1,0.014099,15.04,0.617
n,38.wav,1773849315.547436,30.4870,1287301,1282891,36.3,0.017761,18.76,0.745
n,39.wav,1773849316.309728,31.2493,1320914,1316504,35.4,0.015839,17.58,0.687
n,40.wav,1773849317.057489,31.9971,1353907,1349497,35.3,0.015778,17.01,0.705
n,41.wav,1773849317.815851,32.7554,1387250,1382840,36.5,0.018768,17.42,0.722
n,42.wav,1773849318.558197,33.4978,1420097,1415687,35.8,0.015961,17.96,0.725
n,43.wav,1773849319.332266,34.2718,1454114,1449704,37.7,0.020599,18.37,0.761
n,44.wav,1773849320.050733,34.9903,1485949,1481539,34.1,0.013031,14.86,0.688
n,45.wav,1773849320.803523,35.7431,1518992,1514582,37.1,0.016693,15.92,0.739
n,46.wav,1773849321.559993,36.4996,1552386,1547976,36.8,0.019012,18.34,0.755
n,47.wav,1773849322.271476,37.2110,1583773,1579363,37.2,0.020386,17.82,0.725
n,48.wav,1773849322.990876,37.9304,1615425,1611015,38.2,0.022827,18.35,0.757
n,49.wav,1773849323.709577,38.6491,1647309,1642899,35.7,0.016510,16.59,0.713
n,50.wav,1773849324.451035,39.3906,1679931,1675521,36.3,0.017426,17.43,0.722
n,51.wav,1773849325.194698,40.1343,1712736,1708326,34.8,0.014313,17.81,0.731
n,52.wav,1773849325.93246,40.8720,1745278,1740868,35.1,0.014771,15.78,0.700
n,53.wav,1773849326.673441,41.6130,1777979,1773569,35.1,0.014801,16.78,0.721
n,54.wav,1773849327.447604,42.3872,1812151,1807741,35.8,0.016235,17.64,0.738
n,55.wav,1773849328.199025,43.1386,1845304,1840894,35.1,0.015503,16.59,0.663
n,56.wav,1773849328.914486,43.8540,1876879,1872469,35.9,0.016815,17.17,0.700
n,57.wav,1773849329.631607,44.5712,1908454,1904044,36.2,0.017639,18.11,0.710
n,58.wav,1773849330.342021,45.2816,1939750,1935340,36.6,0.018433,18.43,0.719
n,59.wav,1773849331.128522,46.0681,1974384,1969974,36.3,0.017334,17.10,0.727
n,60.wav,1773849331.854893,46.7945,2006489,2002079,34.9,0.015350,17.66,0.695
n,61.wav,1773849332.573585,47.5131,2038022,2033612,38.9,0.024658,18.05,0.737
n,62.wav,1773849333.314575,48.2541,2070828,2066418,37.3,0.017120,17.74,0.738
n,63.wav,1773849334.055774,48.9953,2103483,2099073,37.2,0.020630,17.65,0.713
n,64.wav,1773849334.846695,49.7863,2138364,2133954,35.6,0.015991,18.34,0.720
n,65.wav,1773849335.558019,50.4976,2169769,2165359,35.4,0.014313,16.37,0.680
n,66.wav,1773849336.220124,51.1597,2198655,2194245,25.6,0.004913,20.23,0.432
n,67.wav,1773849336.979749,51.9193,2232137,2227727,35.8,0.016693,21.30,0.712
n,68.wav,1773849337.669521,52.6091,2262811,2258401,37.0,0.018860,20.16,0.712
n,69.wav,1773849338.34246,53.2820,2292405,2287995,35.9,0.016418,19.71,0.699
n,70.wav,1773849339.075349,54.0149,2324866,2320456,36.1,0.016937,19.48,0.738
n,71.wav,1773849339.818696,54.7583,2357698,2353288,37.3,0.019653,21.18,0.734
n,72.wav,1773849340.542413,55.4820,2389550,2385140,36.2,0.017212,21.27,0.733
n,73.wav,1773849341.266606,56.2062,2421484,2417074,36.6,0.017303,20.16,0.719
n,74.wav,1773849342.004209,56.9438,2454010,2449600,35.7,0.016510,18.78,0.715
n,75.wav,1773849342.764815,57.7044,2487622,2483212,34.0,0.012878,18.47,0.651
n,76.wav,1773849343.525263,58.4648,2521060,2516650,36.4,0.017426,19.71,0.728
n,77.wav,1773849344.29628,59.2358,2555132,2550722,34.7,0.014313,17.97,0.711
n,78.wav,1773849344.972284,59.9118,2584964,2580554,36.0,0.017609,19.91,0.711
n,79.wav,1773849345.659935,60.5995,2615397,2610987,35.3,0.015198,16.78,0.711
n,80.wav,1773849346.409839,61.3494,2648422,2644012,35.8,0.015778,19.39,0.718
n,81.wav,1773849347.161512,62.1011,2681354,2676944,37.6,0.019196,18.50,0.719
n,82.wav,1773849347.922507,62.8621,2714422,2710012,27.3,0.018799,17.20,0.537
n,83.wav,1773849348.683164,63.6227,2748623,2744213,36.5,0.017517,18.76,0.728
n,84.wav,1773849349.417469,64.3570,2781025,2776615,34.0,0.013245,15.87,0.563
n,85.wav,1773849350.180395,65.1200,2814005,2809595,33.0,0.035767,16.86,0.639
n,86.wav,1773849350.929779,65.8693,2847695,2843285,36.3,0.017517,20.62,0.702
n,87.wav,1773849351.734006,66.6736,2883095,2878685,36.1,0.017151,18.77,0.689
n,88.wav,1773849352.468543,67.4081,2915498,2911088,36.9,0.017792,18.56,0.711
n,89.wav,1773849353.218724,68.1583,2948618,2944208,36.3,0.016541,17.94,0.683
n,90.wav,1773849354.009315,68.9489,2983447,2979037,36.2,0.017181,18.76,0.717
n,91.wav,1773849354.767521,69.7071,3016807,3012397,37.3,0.019501,18.81,0.679
n,92.wav,1773849355.508283,70.4478,3049662,3045252,35.3,0.015625,17.96,0.648
n,93.wav,1773849356.285299,71.2249,3083836,3079426,36.1,0.017181,17.89,0.719
n,94.wav,1773849357.043526,71.9831,3117092,3112682,36.1,0.016266,19.81,0.690
n,95.wav,1773849357.820303,72.7599,3151530,3147120,36.9,0.019165,18.68,0.743
n,96.wav,1773849358.557905,73.4975,3184122,3179712,36.9,0.018158,17.72,0.712
n,97.wav,1773849359.365422,74.3050,3219625,3215215,37.6,0.020050,17.75,0.714
n,98.wav,1773849360.160736,75.1003,3254547,3250137,37.6,0.019470,18.61,0.723
n,99.wav,1773849360.920702,75.8603,3288218,3283808,38.7,0.022125,16.87,0.693
o,0.wav,1773849372.648036,1.2924,13007,8597,33.7,0.011719,19.23,1.000
o,1.wav,1773849373.314146,1.9585,41817,37407,35.3,0.048981,19.52,1.000
o,2.wav,1773849374.067306,2.7117,75587,71177,35.7,0.015656,19.79,1.000
o,3.wav,1773849374.840996,3.4853,109759,105349,35.9,0.016022,19.62,1.000
o,4.wav,1773849375.595349,4.2397,142317,137907,37.6,0.063934,22.05,1.000
o,5.wav,1773849376.359168,5.0035,176055,171645,38.5,0.073303,21.32,1.000
o,6.wav,1773849377.10622,5.7506,208939,204529,38.6,0.070984,19.95,1.000
o,7.wav,1773849377.912469,6.5568,245133,240723,36.9,0.017426,21.29,1.000
o,8.wav,1773849378.610658,7.2550,275289,270879,39.9,0.082092,20.87,1.000
o,9.wav,1773849379.364583,8.0089,308644,304234,36.9,0.061432,18.74,1.000
o,10.wav,1773849380.166122,8.8105,343973,339563,37.2,0.062561,20.09,1.000
o,11.wav,1773849380.907138,9.5515,376626,372216,37.7,0.066284,20.39,1.000
o,12.wav,1773849381.692431,10.3368,411936,407526,37.7,0.018585,19.82,1.000
o,13.wav,1773849382.425488,11.0698,443619,439209,35.2,0.050018,18.02,1.000
o,14.wav,1773849383.148626,11.7930,475537,471127,35.7,0.050323,17.83,1.000
o,15.wav,1773849383.880583,12.5249,507657,503247,39.8,0.083923,23.63,1.000
o,16.wav,1773849384.588665,13.2330,538914,534504,37.7,0.070709,22.57,1.000
o,17.wav,1773849385.319071,13.9634,571133,566723,38.8,0.075378,20.77,1.000
o,18.wav,1773849386.012217,14.6566,602382,597972,37.1,0.016266,21.60,1.000
o,19.wav,1773849386.750113,15.3945,634224,629814,38.2,0.068512,20.66,1.000
o,20.wav,1773849387.483355,16.1277,667286,662876,37.0,0.018311,20.64,0.975
o,21.wav,1773849388.278125,16.9225,701715,697305,37.5,0.066986,21.86,0.959
o,22.wav,1773849389.029222,17.6736,734760,730350,38.3,0.073639,22.35,0.975
o,23.wav,1773849389.755325,18.3997,767474,763064,35.9,0.015106,21.98,0.964
o,24.wav,1773849390.528643,19.1730,800901,796491,37.2,0.062805,19.90,0.928
o,25.wav,1773849391.298373,19.9427,834839,830429,38.7,0.079193,23.22,0.962
o,26.wav,1773849392.064311,20.7087,868610,864200,37.2,0.066864,21.66,0.890
o,27.wav,1773849392.823044,21.4674,902010,897600,38.4,0.069702,21.95,0.975
o,28.wav,1773849393.555048,22.1994,934336,929926,37.7,0.069122,22.40,0.955
o,29.wav,1773849394.343197,22.9875,969095,964685,37.0,0.062378,21.09,0.944
o,30.wav,1773849395.101053,23.7454,1002578,998168,37.4,0.063232,21.98,0.971
o,31.wav,1773849395.838618,24.4830,1035109,1030699,35.8,0.054016,21.32,0.945
o,32.wav,1773849396.604133,25.2485,1069031,1064621,31.2,0.032928,21.05,0.865
o,33.wav,1773849397.344254,25.9886,1101476,1097066,36.7,0.055145,19.52,0.968
o,34.wav,1773849398.081162,26.7255,1133989,1129579,36.2,0.053467,20.29,0.970
o,35.wav,1773849398.792264,27.4366,1165335,1160925,37.1,0.059204,20.67,0.980
o,36.wav,1773849399.52344,28.1678,1197544,1193134,36.7,0.058167,20.54,0.975
o,37.wav,1773849400.244686,28.8890,1229413,1225003,36.9,0.060272,21.23,0.958
o,38.wav,1773849400.961667,29.6060,1260956,1256546,37.3,0.062256,20.73,0.974
o,39.wav,1773849401.666158,30.3105,1292740,1288330,35.8,0.015259,19.20,0.972
o,40.wav,1773849402.371969,31.0163,1323210,1318800,36.8,0.061981,20.45,0.960
o,41.wav,1773849403.068637,31.7130,1354007,1349597,36.5,0.057098,20.48,0.943
o,42.wav,1773849403.7792,32.4235,1385265,1380855,36.4,0.058289,19.96,0.950
o,43.wav,1773849404.498904,33.1433,1417083,1412673,35.2,0.047974,18.08,0.941
o,44.wav,1773849405.2504,33.8947,1450232,1445822,35.9,0.053864,19.06,0.935
o,45.wav,1773849405.984189,34.6285,1482506,1478096,35.3,0.048126,18.71,0.921
o,46.wav,1773849406.711357,35.3557,1514532,1510122,35.9,0.055573,20.12,0.938
o,47.wav,1773849407.456265,36.1006,1548846,1544436,22.1,0.010803,21.19,0.441
o,48.wav,1773849408.280387,36.9247,1583789,1579379,35.9,0.054901,25.88,0.709
o,49.wav,1773849409.09429,37.7386,1619669,1615259,36.1,0.055420,24.94,0.867
o,50.wav,1773849409.849229,38.4936,1652846,1648436,37.7,0.067963,24.27,0.912
o,51.wav,1773849410.582772,39.2271,1685272,1680862,36.9,0.060364,21.77,0.969
o,52.wav,1773849411.318942,39.9633,1717836,1713426,36.7,0.059479,20.98,0.973
o,53.wav,1773849412.06397,40.7083,1751268,1746858,37.7,0.019348,20.49,0.981
o,54.wav,1773849412.780435,41.4248,1782829,1778419,37.0,0.016815,21.16,0.982
o,55.wav,1773849413.527087,42.1714,1815166,1810756,36.4,0.054565,20.05,0.937
o,56.wav,1773849414.233683,42.8780,1846297,1841887,35.8,0.054321,20.15,0.839
o,57.wav,1773849414.99132,43.6357,1879709,1875299,36.6,0.056152,20.16,0.914
o,58.wav,1773849415.80009,44.4444,1915476,1911066,34.1,0.043030,20.68,0.842
o,59.wav,1773849416.51487,45.1592,1947594,1943184,33.8,0.012085,21.11,0.933
o,60.wav,1773849417.281755,45.9261,1980734,1976324,35.0,0.048584,20.00,0.936
o,61.wav,1773849418.058354,46.7027,2015079,2010669,34.5,0.045044,20.55,0.937
o,62.wav,1773849418.86444,47.5088,2050570,2046160,33.6,0.041565,20.22,0.941
o,63.wav,1773849419.643907,48.2883,2084853,2080443,34.8,0.047913,19.33,0.910
o,64.wav,1773849420.441538,49.0859,2120114,2115704,34.4,0.045471,19.48,0.887
o,65.wav,1773849421.247184,49.8915,2156262,2151852,34.5,0.013672,18.62,0.874
o,66.wav,1773849422.02111,50.6655,2189861,2185451,34.8,0.046967,20.82,0.792
o,67.wav,1773849422.778432,51.4228,2223194,2218784,34.3,0.045380,21.69,0.796
o,68.wav,1773849423.534085,52.1784,2256543,2252133,34.9,0.048279,19.44,0.888
o,69.wav,1773849424.300333,52.9447,2290340,2285930,33.6,0.041168,18.39,0.831
o,70.wav,1773849425.07426,53.7186,2324382,2319972,35.0,0.049377,19.25,0.817
o,71.wav,1773849425.839097,54.4834,2358043,2353633,37.3,0.061371,19.19,0.880
o,72.wav,1773849426.595261,55.2396,2391429,2387019,36.0,0.054688,21.42,0.849
o,73.wav,1773849427.366416,56.0108,2425453,2421043,35.9,0.054291,21.87,0.855
o,74.wav,1773849428.112081,56.7564,2458883,2454473,35.9,0.015839,21.46,0.929
o,75.wav,1773849428.901455,57.5458,2493148,2488738,36.3,0.056976,20.19,0.912
o,76.wav,1773849429.696141,58.3405,2528261,2523851,34.5,0.046661,19.52,0.859
o,77.wav,1773849430.447391,59.0917,2561442,2557032,32.7,0.038452,19.02,0.911
o,78.wav,1773849431.228658,59.8730,2595904,2591494,33.9,0.041656,18.99,0.921
o,79.wav,1773849432.001889,60.6462,2629853,2625443,37.0,0.057953,19.62,0.967
o,80.wav,1773849432.748537,61.3929,2663467,2659057,33.8,0.012238,20.36,0.963
o,81.wav,1773849433.527089,62.1714,2697384,2692974,34.3,0.043304,19.77,0.929
o,82.wav,1773849434.284894,62.9292,2730649,2726239,36.0,0.052551,20.48,0.949
o,83.wav,1773849435.048862,63.6932,2764398,2759988,33.2,0.040009,18.43,0.896
o,84.wav,1773849435.828606,64.4730,2798670,2794260,35.5,0.050293,19.00,0.933
o,85.wav,1773849436.612844,65.2572,2833237,2828827,35.4,0.049927,19.88,0.959
o,86.wav,1773849437.349052,65.9934,2865751,2861341,35.8,0.051025,18.36,0.925
o,87.wav,1773849438.163745,66.8081,2901631,2897221,35.8,0.052307,19.34,0.951
o,88.wav,1773849438.905377,67.5497,2934396,2929986,36.1,0.054565,19.14,0.965
o,89.wav,1773849439.701156,68.3455,2969639,2965229,33.3,0.039368,20.98,0.883
o,90.wav,1773849440.520364,69.1647,3005523,3001113,36.3,0.054840,18.80,0.927
o,91.wav,1773849441.279089,69.9234,3038993,3034583,35.8,0.051819,19.90,0.976
o,92.wav,1773849442.046346,70.6907,3072870,3068460,36.0,0.052246,19.54,0.942
o,93.wav,1773849442.792107,71.4365,3105735,3101325,35.0,0.046478,18.34,0.950
o,94.wav,1773849443.551135,72.1955,3139286,3134876,34.1,0.043152,21.45,0.942
o,95.wav,1773849444.272449,72.9168,3171078,3166668,36.3,0.054443,19.70,0.964
o,96.wav,1773849445.032506,73.6769,3204518,3200108,35.9,0.051086,18.73,0.968
o,97.wav,1773849445.770935,74.4153,3237189,3232779,33.6,0.041229,19.55,0.919
o,98.wav,1773849446.548271,75.1926,3271389,3266979,37.1,0.058380,21.30,0.907
o,99.wav,1773849447.336937,75.9813,3306141,3301731,36.4,0.056671,19.88,0.887
p,0.wav,1773849459.51712,0.9479,5411,1001,23.5,0.011475,24.91,1.000
p,1.wav,1773849460.23524,1.6660,38108,33698,35.4,0.013794,22.56,1.000
p,2.wav,1773849460.974408,2.4052,70479,66069,34.3,0.012787,24.78,1.000
p,3.wav,1773849461.664457,3.0952,100977,96567,32.4,0.010559,24.29,1.000
p,4.wav,1773849462.399574,3.8303,133581,129171,32.5,0.010101,25.88,1.000
p,5.wav,1773849463.127058,4.5578,165491,161081,33.4,0.011414,26.13,1.000
p,6.wav,1773849463.879062,5.3098,198680,194270,34.4,0.012939,25.18,1.000
p,7.wav,1773849464.62703,6.0578,231614,227204,35.6,0.014130,23.82,1.000
p,8.wav,1773849465.364039,6.7948,264327,259917,36.0,0.014832,25.01,1.000
p,9.wav,1773849466.141324,7.5721,298451,294041,32.3,0.009308,23.24,1.000
p,10.wav,1773849466.90689,8.3376,332414,328004,32.5,0.009735,25.15,1.000
p,11.wav,1773849467.724036,9.1548,368414,364004,31.0,0.008270,22.90,1.000
p,12.wav,1773849468.461292,9.8921,400795,396385,29.3,0.007446,27.78,1.000
p,13.wav,1773849469.19713,10.6279,433227,428817,32.7,0.010223,23.85,1.000
p,14.wav,1773849469.932288,11.3630,465714,461304,32.3,0.010956,25.55,1.000
p,15.wav,1773849470.678506,12.1093,498578,494168,33.8,0.011230,24.15,1.000
p,16.wav,1773849471.44921,12.8800,532724,528314,31.9,0.009521,24.64,1.000
p,17.wav,1773849472.220271,13.6510,566790,562380,31.5,0.009308,25.17,1.000
p,18.wav,1773849472.996693,14.4275,600863,596453,32.0,0.009308,23.08,1.000
p,19.wav,1773849473.740857,15.1716,633366,628956,34.7,0.013184,23.43,1.000
p,20.wav,1773849474.522513,15.9533,668142,663732,32.4,0.010712,22.61,0.820
p,21.wav,1773849475.300425,16.7312,702446,698036,31.7,0.009308,23.89,0.821
p,22.wav,1773849476.089184,17.5199,737313,732903,31.5,0.009735,24.48,0.809
p,23.wav,1773849476.862082,18.2928,771216,766806,31.9,0.009552,25.29,0.818
p,24.wav,1773849477.623273,19.0540,804905,800495,34.0,0.012207,24.53,0.834
p,25.wav,1773849478.434379,19.8651,840651,836241,31.5,0.009460,27.80,0.799
p,26.wav,1773849479.204952,20.6357,874582,870172,33.8,0.011688,23.32,0.822
p,27.wav,1773849479.987074,21.4178,909346,904936,31.3,0.009399,24.79,0.791
p,28.wav,1773849480.814373,22.2451,945656,941246,29.9,0.007782,23.24,0.802
p,29.wav,1773849481.639157,23.0699,981954,977544,32.1,0.008942,23.39,0.869
p,30.wav,1773849482.409032,23.8398,1015789,1011379,33.2,0.010864,24.66,0.825
p,31.wav,1773849483.227102,24.6579,1052077,1047667,33.0,0.010468,23.02,0.820
p,32.wav,1773849484.029451,25.4602,1087564,1083154,33.6,0.011261,22.64,0.829
p,33.wav,1773849484.838129,26.2689,1123086,1118676,30.3,0.007690,23.07,0.832
p,34.wav,1773849485.544966,26.9757,1154123,1149713,29.3,0.007294,26.27,0.785
p,35.wav,1773849486.309331,27.7401,1187954,1183544,31.4,0.009247,24.67,0.808
p,36.wav,1773849487.103001,28.5338,1222914,1218504,33.8,0.011810,22.67,0.830
p,37.wav,1773849487.859611,29.2904,1256646,1252236,29.0,0.006500,23.20,0.813
p,38.wav,1773849488.602178,30.0329,1289081,1284671,30.9,0.009125,24.50,0.814
p,39.wav,1773849489.378706,30.8095,1323274,1318864,30.5,0.008179,23.69,0.833
p,40.wav,1773849490.148392,31.5792,1357217,1352807,31.8,0.009918,24.44,0.828
p,41.wav,1773849490.881343,32.3121,1389573,1385163,32.3,0.009796,23.90,0.824
p,42.wav,1773849491.658546,33.0893,1423846,1419436,31.9,0.009644,24.13,0.808
p,43.wav,1773849492.431055,33.8618,1457894,1453484,31.2,0.008789,22.85,0.843
p,44.wav,1773849493.176802,34.6076,1490809,1486399,30.1,0.007935,24.00,0.833
p,45.wav,1773849493.929681,35.3604,1524046,1519636,30.4,0.007660,23.98,0.828
p,46.wav,1773849494.74211,36.1729,1559894,1555484,30.3,0.007751,23.75,0.829
p,47.wav,1773849495.581421,37.0122,1596992,1592582,28.6,0.006592,25.48,0.799
p,48.wav,1773849496.384738,37.8155,1632304,1627894,29.2,0.007660,27.04,0.785
p,49.wav,1773849497.131924,38.5627,1665190,1660780,30.9,0.008850,25.94,0.792
p,50.wav,1773849497.915055,39.3458,1699781,1695371,29.8,0.007904,25.14,0.766
p,51.wav,1773849498.704693,40.1355,1734611,1730201,30.8,0.008453,24.58,0.823
p,52.wav,1773849499.502125,40.9329,1769951,1765541,28.4,0.007263,21.84,0.721
p,53.wav,1773849500.2885,41.7193,1804424,1800014,30.5,0.008514,23.38,0.804
p,54.wav,1773849501.066959,42.4977,1838829,1834419,30.6,0.008362,23.27,0.806
p,55.wav,1773849501.850942,43.2817,1873359,1868949,30.6,0.008820,23.62,0.801
p,56.wav,1773849502.622062,44.0528,1907422,1903012,30.6,0.007812,23.40,0.823
p,57.wav,1773849503.422089,44.8528,1942606,1938196,32.2,0.008942,22.26,0.896
p,58.wav,1773849504.269528,45.7003,1980192,1975782,31.3,0.008545,22.63,0.809
p,59.wav,1773849505.028877,46.4596,2013360,2008950,32.2,0.009186,21.48,0.866
p,60.wav,1773849505.753558,47.1843,2045486,2041076,30.8,0.007812,22.25,0.861
p,61.wav,1773849506.537752,47.9685,2079912,2075502,32.4,0.009644,22.07,0.850
p,62.wav,1773849507.310843,48.7416,2114259,2109849,31.6,0.008942,22.58,0.817
p,63.wav,1773849508.036625,49.4674,2146234,2141824,31.9,0.009216,22.50,0.822
p,64.wav,1773849508.772169,50.2029,2178567,2174157,32.4,0.009735,22.37,0.835
p,65.wav,1773849509.55543,50.9862,2213403,2208993,30.6,0.007812,22.31,0.808
p,66.wav,1773849510.306769,51.7375,2246203,2241793,31.4,0.008545,22.59,0.856
p,67.wav,1773849511.129099,52.5599,2282542,2278132,30.6,0.008118,26.01,0.823
p,68.wav,1773849511.891842,53.3226,2316253,2311843,29.4,0.007172,25.34,0.802
p,69.wav,1773849512.660863,54.0916,2350091,2345681,31.9,0.008820,22.09,0.906
p,70.wav,1773849513.405198,54.8360,2383070,2378660,30.9,0.008240,23.65,0.821
p,71.wav,1773849514.243212,55.6740,2420229,2415819,27.3,0.005676,20.54,0.775
p,72.wav,1773849514.999716,56.4305,2453332,2448922,29.0,0.006409,22.78,0.774
p,73.wav,1773849515.805397,57.2362,2488575,2484165,35.1,0.013062,23.34,0.899
p,74.wav,1773849516.561996,57.9928,2521962,2517552,33.8,0.011292,22.58,0.865
p,75.wav,1773849517.298935,58.7297,2554686,2550276,28.8,0.006714,24.47,0.841
p,76.wav,1773849518.059955,59.4907,2587976,2583566,33.0,0.010132,23.91,0.916
p,77.wav,1773849518.776991,60.2077,2619671,2615261,32.5,0.009216,21.47,0.922
p,78.wav,1773849519.603309,61.0341,2656081,2651671,34.1,0.010834,23.62,0.907
p,79.wav,1773849520.425004,61.8558,2692591,2688181,30.1,0.007080,24.72,0.827
p,80.wav,1773849521.148496,62.5793,2724272,2719862,32.0,0.008759,24.06,0.863
p,81.wav,1773849521.898716,63.3295,2757415,2753005,32.8,0.009796,24.77,0.830
p,82.wav,1773849522.648083,64.0788,2790472,2786062,34.1,0.011749,23.87,0.835
p,83.wav,1773849523.449271,64.8800,2825923,2821513,30.4,0.007599,25.24,0.830
p,84.wav,1773849524.205052,65.6358,2859250,2854840,30.6,0.007538,23.30,0.836
p,85.wav,1773849524.964758,66.3955,2891836,2887426,35.5,0.047882,28.80,0.867
p,86.wav,1773849525.73669,67.1674,2926559,2922149,29.9,0.007904,24.43,0.788
p,87.wav,1773849526.514624,67.9454,2961026,2956616,31.3,0.009064,24.62,0.810
p,88.wav,1773849527.319554,68.7503,2996611,2992201,29.9,0.007965,24.97,0.806
p,89.wav,1773849528.050061,69.4808,3028744,3024334,31.8,0.009583,25.11,0.825
p,90.wav,1773849528.881006,70.3118,3065386,3060976,30.9,0.007996,23.90,0.817
p,91.wav,1773849529.692795,71.1236,3101149,3096739,32.5,0.009644,23.52,0.822
p,92.wav,1773849531.270089,72.7008,3170846,3166436,28.9,0.006866,24.75,0.809
p,93.wav,1773849532.027814,73.4586,3204187,3199777,31.2,0.008698,23.32,0.823
p,94.wav,1773849532.793713,74.2245,3238073,3233663,29.7,0.006958,23.74,0.831
p,95.wav,1773849533.584198,75.0150,3272852,3268442,30.2,0.007751,23.89,0.763
p,96.wav,1773849534.393767,75.8245,3308402,3303992,32.2,0.009247,22.32,0.837
p,97.wav,1773849535.189671,76.6204,3343682,3339272,30.2,0.007355,23.25,0.792
p,98.wav,1773849535.970845,77.4016,3377973,3373563,32.7,0.009827,22.56,0.859
q,0.wav,1773849549.480829,1.0377,11268,6858,29.5,0.019409,24.86,1.000
q,1.wav,1773849550.240308,1.7972,39032,34622,28.9,0.006470,20.30,1.000
q,2.wav,1773849550.987999,2.5449,72069,67659,30.0,0.007416,19.36,1.000
q,3.wav,1773849551.742638,3.2995,104402,99992,33.0,0.010620,21.73,1.000
q,4.wav,1773849552.499774,4.0566,137706,133296,35.1,0.013763,22.41,1.000
q,5.wav,1773849553.320089,4.8770,174071,169661,35.0,0.013611,20.90,1.000
q,6.wav,1773849554.095403,5.6523,208269,203859,33.5,0.011139,21.61,1.000
q,7.wav,1773849554.87497,6.4318,243491,239081,28.4,0.006561,21.30,1.000
q,8.wav,1773849555.657449,7.2143,278011,273601,28.5,0.006592,19.70,1.000
q,9.wav,1773849556.464485,8.0214,313687,309277,29.0,0.006592,19.01,1.000
q,10.wav,1773849557.25765,8.8145,348886,344476,26.4,0.004639,18.32,1.000
q,11.wav,1773849558.057873,9.6147,383854,379444,29.6,0.007538,19.39,1.000
q,12.wav,1773849558.868923,10.4258,419576,415166,28.8,0.006561,20.08,1.000
q,13.wav,1773849559.668408,11.2253,454964,450554,28.1,0.005981,19.97,1.000
q,14.wav,1773849560.50742,12.0643,492049,487639,25.2,0.004700,18.61,1.000
q,15.wav,1773849561.288531,12.8454,526362,521952,29.0,0.007019,18.94,1.000
q,16.wav,1773849562.090876,13.6478,560930,556520,32.0,0.009705,20.72,1.000
q,17.wav,1773849562.9537,14.5106,599957,595547,24.2,0.003754,17.87,1.000
q,18.wav,1773849563.768586,15.3255,635687,631277,27.4,0.005859,20.72,1.000
q,19.wav,1773849564.616394,16.1733,673071,668661,30.1,0.007874,21.44,1.000
q,20.wav,1773849565.427864,16.9847,708919,704509,30.2,0.008423,22.13,0.382
q,21.wav,1773849566.217163,17.7740,742673,738263,32.3,0.010376,21.73,0.569
q,22.wav,1773849567.022993,18.5799,778432,774022,30.8,0.009216,21.34,0.620
q,23.wav,1773849567.83105,19.3879,814815,810405,27.9,0.006226,21.05,0.387
q,24.wav,1773849568.628856,20.1857,850048,845638,27.1,0.005402,20.38,0.436
q,25.wav,1773849569.38042,20.9373,883495,879085,26.1,0.005096,18.72,0.328
q,26.wav,1773849570.222387,21.7793,920117,915707,32.7,0.010651,19.15,0.544
q,27.wav,1773849571.003844,22.5607,954832,950422,28.2,0.006195,19.28,0.447
q,28.wav,1773849571.797078,23.3540,989920,985510,27.2,0.005463,19.50,0.421
q,29.wav,1773849572.558467,24.1153,1023393,1018983,26.7,0.005157,19.68,0.413
q,30.wav,1773849573.386445,24.9433,1060006,1055596,28.4,0.006012,18.54,0.440
q,31.wav,1773849574.207873,25.7647,1096049,1091639,28.4,0.006744,21.68,0.368
q,32.wav,1773849575.001167,26.5580,1131338,1126928,26.6,0.005157,17.36,0.408
q,33.wav,1773849575.818403,27.3753,1167329,1162919,24.6,0.004211,20.29,0.359
q,34.wav,1773849576.610944,28.1678,1201137,1196727,33.7,0.012390,23.25,0.649
q,35.wav,1773849577.415446,28.9723,1237586,1233176,29.6,0.007690,20.53,0.377
q,36.wav,1773849578.177469,29.7343,1271269,1266859,25.7,0.004608,19.78,0.411
q,37.wav,1773849578.971647,30.5285,1306351,1301941,25.1,0.004364,17.11,0.338
q,38.wav,1773849579.789516,31.3464,1341305,1336895,31.4,0.009277,21.82,0.598
q,39.wav,1773849580.585487,32.1424,1377451,1373041,26.8,0.005707,21.86,0.308
q,40.wav,1773849581.372524,32.9294,1412094,1407684,28.2,0.006897,20.10,0.304
q,41.wav,1773849582.177672,33.7345,1446647,1442237,32.3,0.010162,22.40,0.602
q,42.wav,1773849582.981441,34.5383,1483031,1478621,24.9,0.004608,19.98,0.291
q,43.wav,1773849583.744499,35.3014,1516733,1512323,26.3,0.005402,19.85,0.294
q,44.wav,1773849584.574531,36.1314,1552540,1548130,31.1,0.009094,21.85,0.612
q,45.wav,1773849585.324399,36.8813,1586552,1582142,22.5,0.003540,17.60,0.240
q,46.wav,1773849586.146513,37.7034,1621814,1617404,27.4,0.006104,21.17,0.483
q,47.wav,1773849586.910698,38.4676,1656396,1651986,27.8,0.005951,21.44,0.446
q,48.wav,1773849587.722824,39.2797,1691180,1686770,32.2,0.010712,20.24,0.549
q,49.wav,1773849588.53747,40.0943,1727170,1722760,29.0,0.007599,18.31,0.504
q,50.wav,1773849589.299368,40.8562,1761686,1757276,25.8,0.004700,18.56,0.296
q,51.wav,1773849590.18453,41.7414,1800750,1796340,25.9,0.005371,21.90,0.331
q,52.wav,1773849590.91937,42.4762,1833259,1828849,27.2,0.005402,20.13,0.424
q,53.wav,1773849591.750815,43.3077,1869775,1865365,28.2,0.006348,21.18,0.433
q,54.wav,1773849592.529541,44.0864,1903136,1898726,33.2,0.011932,21.66,0.645
q,55.wav,1773849593.322801,44.8797,1938187,1933777,30.5,0.009247,22.34,0.571
q,56.wav,1773849594.110071,45.6669,1973909,1969499,27.2,0.005585,20.09,0.347
q,57.wav,1773849594.89004,46.4469,2008307,2003897,24.9,0.004578,21.04,0.334
q,58.wav,1773849595.667904,47.2248,2042628,2038218,24.2,0.004211,19.65,0.257
q,59.wav,1773849596.397951,47.9548,2073844,2069434,28.6,0.007172,21.89,0.497
q,60.wav,1773849597.201995,48.7589,2109280,2104870,30.7,0.009247,21.77,0.597
q,61.wav,1773849597.952729,49.5096,2143451,2139041,24.6,0.004272,19.42,0.284
q,62.wav,1773849598.738902,50.2958,2177010,2172600,29.4,0.007874,18.95,0.445
q,63.wav,1773849599.503714,51.0606,2210717,2206307,32.1,0.010681,22.69,0.604
q,64.wav,1773849600.307772,51.8646,2246331,2241921,28.8,0.007324,21.44,0.550
q,65.wav,1773849601.041317,52.5982,2279441,2275031,25.8,0.006348,22.61,0.234
q,66.wav,1773849601.872731,53.4296,2315264,2310854,30.2,0.008545,22.07,0.566
q,67.wav,1773849602.588458,54.1453,2347936,2343526,24.3,0.003937,20.06,0.384
q,68.wav,1773849603.367407,54.9243,2381432,2377022,27.9,0.006531,19.04,0.543
q,69.wav,1773849604.115209,55.6721,2414226,2409816,28.8,0.007446,21.63,0.588
q,70.wav,1773849604.853358,56.4102,2447846,2443436,24.3,0.003906,19.18,0.321
q,71.wav,1773849605.577967,57.1348,2478710,2474300,30.6,0.009003,22.35,0.588
q,72.wav,1773849606.316255,57.8731,2511328,2506918,28.5,0.007294,21.83,0.540
q,73.wav,1773849607.088229,58.6451,2545086,2540676,31.5,0.010284,22.00,0.585
q,74.wav,1773849607.818233,59.3751,2577513,2573103,31.9,0.009827,15.40,0.360
q,75.wav,1773849608.579669,60.1365,2611044,2606634,28.6,0.007294,21.89,0.559
q,76.wav,1773849609.318408,60.8753,2644705,2640295,25.5,0.005157,20.63,0.247
q,77.wav,1773849610.873464,62.4303,2713200,2708790,24.9,0.004608,19.02,0.211
q,78.wav,1773849611.571572,63.1284,2742999,2738589,30.7,0.009033,24.35,0.588
q,79.wav,1773849612.35972,63.9166,2778676,2774266,26.9,0.005554,21.33,0.349
q,80.wav,1773849613.158581,64.7155,2813985,2809575,27.1,0.005493,21.62,0.333
q,81.wav,1773849613.967983,65.5249,2848617,2844207,29.2,0.007446,22.97,0.537
q,82.wav,1773849614.807677,66.3646,2885771,2881361,29.1,0.007507,21.64,0.560
q,83.wav,1773849615.650101,67.2070,2923806,2919396,24.9,0.004639,20.21,0.304
q,84.wav,1773849616.474179,68.0311,2959177,2954767,29.9,0.008087,22.70,0.576
q,85.wav,1773849617.25775,68.8146,2993911,2989501,28.0,0.006378,19.84,0.475
q,86.wav,1773849618.078342,69.6352,3030114,3025704,28.4,0.006989,19.07,0.556
q,87.wav,1773849618.874375,70.4313,3065124,3060714,27.2,0.006042,20.52,0.522
q,88.wav,1773849619.666135,71.2230,3100700,3096290,26.7,0.005280,21.49,0.343
q,89.wav,1773849620.428325,71.9852,3133652,3129242,27.1,0.006042,23.80,0.564
q,90.wav,1773849621.181414,72.7383,3167738,3163328,26.9,0.005524,21.86,0.422
q,91.wav,1773849621.988218,73.5451,3203343,3198933,25.8,0.004974,21.74,0.326
q,92.wav,1773849622.750548,74.3074,3235957,3231547,31.7,0.009644,21.84,0.619
q,93.wav,1773849623.566451,75.1233,3272096,3267686,30.0,0.008423,21.89,0.535
q,94.wav,1773849624.312825,75.8697,3305917,3301507,25.2,0.004883,21.90,0.356
q,95.wav,1773849625.110527,76.6674,3341018,3336608,27.1,0.005432,20.81,0.364
q,96.wav,1773849625.894386,77.4513,3374738,3370328,28.5,0.006683,21.23,0.617
q,97.wav,1773849626.638322,78.1952,3408386,3403976,25.8,0.004791,20.81,0.319
q,98.wav,1773849627.401573,78.9584,3441568,3437158,26.6,0.005829,20.94,0.483
r,0.wav,1773849638.252533,1.0895,13907,9497,38.1,0.052582,18.05,1.000
r,1.wav,1773849638.950927,1.7879,45661,41251,33.6,0.032654,16.80,1.000
r,2.wav,1773849639.733664,2.5707,79451,75041,37.7,0.053314,18.79,1.000
r,3.wav,1773849640.501496,3.3385,113187,108777,39.3,0.062286,18.35,1.000
r,4.wav,1773849641.272983,4.1100,147426,143016,36.4,0.047577,20.53,1.000
r,5.wav,1773849642.044964,4.8820,181324,176914,38.5,0.059998,23.06,1.000
r,6.wav,1773849642.792389,5.6294,214352,209942,36.7,0.047699,20.39,1.000
r,7.wav,1773849643.522782,6.3598,246580,242170,35.7,0.040924,19.90,1.000
r,8.wav,1773849644.280013,7.1170,279814,275404,40.3,0.073029,21.89,1.000
r,9.wav,1773849645.077718,7.9147,314983,310573,40.1,0.068481,22.47,1.000
r,10.wav,1773849645.861542,8.6985,349521,345111,41.3,0.079590,22.55,1.000
r,11.wav,1773849646.59045,9.4274,381838,377428,35.6,0.041443,18.85,1.000
r,12.wav,1773849647.358244,10.1952,415751,411341,36.1,0.043671,21.77,1.000
r,13.wav,1773849648.064357,10.9013,447003,442593,33.7,0.033600,20.15,1.000
r,14.wav,1773849648.825506,11.6625,480386,475976,37.0,0.049377,20.46,1.000
r,15.wav,1773849649.625508,12.4625,515663,511253,37.9,0.053467,20.67,1.000
r,16.wav,1773849650.411544,13.2485,550323,545913,38.3,0.056305,21.24,1.000
r,17.wav,1773849651.190529,14.0275,584753,580343,34.9,0.039307,18.45,1.000
r,18.wav,1773849651.956189,14.7932,618376,613966,38.1,0.058960,22.27,1.000
r,19.wav,1773849652.762805,15.5998,653935,649525,38.3,0.058289,22.34,1.000
r,20.wav,1773849653.523636,16.3606,687512,683102,38.1,0.058258,23.66,0.946
r,21.wav,1773849654.313199,17.1502,722282,717872,40.0,0.069641,23.41,0.973
r,22.wav,1773849655.091004,17.9280,756676,752266,34.4,0.037933,21.64,0.913
r,23.wav,1773849655.854647,18.6916,790363,785953,36.9,0.049286,22.01,0.970
r,24.wav,1773849656.667131,19.5041,826281,821871,35.0,0.038910,20.23,0.953
r,25.wav,1773849657.538934,20.3759,864677,860267,36.0,0.042877,19.80,0.946
r,26.wav,1773849658.354502,21.1915,900793,896383,36.0,0.043732,21.41,0.948
r,27.wav,1773849659.141971,21.9790,935286,930876,37.0,0.050537,22.10,0.958
r,28.wav,1773849659.935092,22.7721,970300,965890,37.3,0.050568,21.33,0.969
r,29.wav,1773849660.689331,23.5263,1003598,999188,37.3,0.050781,20.62,0.933
r,30.wav,1773849661.508603,24.3456,1039622,1035212,38.7,0.062531,24.17,0.974
r,31.wav,1773849662.295296,25.1323,1074435,1070025,35.2,0.041382,21.09,0.939
r,32.wav,1773849663.09767,25.9347,1109767,1105357,37.6,0.052551,21.60,0.960
r,33.wav,1773849663.838621,26.6756,1142504,1138094,37.0,0.049591,21.70,0.974
r,34.wav,1773849664.580127,27.4171,1175232,1170822,34.6,0.036987,20.22,0.934
r,35.wav,1773849665.394335,28.2313,1211150,1206740,35.9,0.044373,23.88,0.958
r,36.wav,1773849666.139331,28.9763,1243958,1239548,35.3,0.040497,20.63,0.949
r,37.wav,1773849666.930777,29.7678,1278992,1274582,33.0,0.030121,19.49,0.899
r,38.wav,1773849667.671572,30.5086,1311682,1307272,32.7,0.030579,21.01,0.899
r,39.wav,1773849668.444175,31.2812,1345577,1341167,35.4,0.040924,21.93,0.937
r,40.wav,1773849669.199297,32.0363,1378916,1374506,34.9,0.038666,21.64,0.928
r,41.wav,1773849669.963252,32.8002,1412688,1408278,35.0,0.037140,16.59,0.798
r,42.wav,1773849670.687525,33.5245,1444454,1440044,34.2,0.035828,19.26,0.937
r,43.wav,1773849671.487367,34.3244,1479872,1475462,36.1,0.044037,19.60,0.937
r,44.wav,1773849672.302327,35.1393,1515729,1511319,36.8,0.047180,20.37,0.944
r,45.wav,1773849673.111554,35.9485,1551472,1547062,35.7,0.042755,19.67,0.952
r,46.wav,1773849673.919144,36.7561,1587150,1582740,32.7,0.028656,17.56,0.911
r,47.wav,1773849674.686988,37.5240,1620989,1616579,33.5,0.031616,19.35,0.914
r,48.wav,1773849675.439762,38.2767,1654167,1649757,34.6,0.036194,20.37,0.953
r,49.wav,1773849676.181826,39.0188,1686896,1682486,33.1,0.030640,18.06,0.908
r,50.wav,1773849676.965768,39.8028,1721781,1717371,30.6,0.023407,16.30,0.824
r,51.wav,1773849677.716215,40.5532,1754615,1750205,30.9,0.024933,16.61,0.709
r,52.wav,1773849678.527192,41.3642,1790129,1785719,37.0,0.050201,23.44,0.923
r,53.wav,1773849679.292808,42.1298,1824066,1819656,34.4,0.036011,20.45,0.840
r,54.wav,1773849680.095391,42.9324,1859673,1855263,31.6,0.024963,18.84,0.846
r,55.wav,1773849680.885068,43.7221,1894274,1889864,35.0,0.037598,19.95,0.946
r,56.wav,1773849681.646095,44.4831,1927899,1923489,35.5,0.040894,21.29,0.934
r,57.wav,1773849682.39178,45.2288,1960635,1956225,36.8,0.047089,21.67,0.942
r,58.wav,1773849683.185454,46.0224,1995663,1991253,38.0,0.053406,20.49,0.952
r,59.wav,1773849683.958266,46.7953,2029855,2025445,34.6,0.038269,23.97,0.838
r,60.wav,1773849684.723737,47.5607,2063610,2059200,32.8,0.030548,20.08,0.778
r,61.wav,1773849685.480106,48.3171,2096931,2092521,36.2,0.044708,22.24,0.919
r,62.wav,1773849686.255114,49.0921,2130983,2126573,35.8,0.040161,19.89,0.950
r,63.wav,1773849687.016229,49.8532,2164339,2159929,39.5,0.063019,21.40,0.970
r,64.wav,1773849687.772764,50.6098,2198095,2193685,33.4,0.032806,18.68,0.898
r,65.wav,1773849688.517561,51.3545,2231054,2226644,30.3,0.021423,17.06,0.871
r,66.wav,1773849689.270928,52.1079,2264217,2259807,32.5,0.028046,19.32,0.903
r,67.wav,1773849689.994143,52.8311,2295967,2291557,36.5,0.045837,22.17,0.966
r,68.wav,1773849690.747,53.5840,2329409,2324999,32.9,0.030304,19.45,0.908
r,69.wav,1773849691.519509,54.3565,2363259,2358849,35.5,0.038361,19.68,0.936
r,70.wav,1773849692.292664,55.1297,2397363,2392953,33.4,0.030701,17.70,0.895
r,71.wav,1773849693.03956,55.8765,2430533,2426123,32.9,0.029846,21.61,0.791
r,72.wav,1773849693.823232,56.6602,2465050,2460640,32.6,0.029022,20.07,0.824
r,73.wav,1773849694.576342,57.4133,2498202,2493792,32.7,0.028778,15.37,0.843
r,74.wav,1773849695.348562,58.1855,2532133,2527723,35.1,0.037201,18.70,0.937
r,75.wav,1773849696.150253,58.9872,2567528,2563118,33.0,0.028839,17.09,0.842
r,76.wav,1773849696.954581,59.7916,2602956,2598546,34.6,0.035675,18.25,0.871
r,77.wav,1773849697.696168,60.5332,2635860,2631450,33.0,0.029968,15.46,0.823
r,78.wav,1773849698.486552,61.3235,2670651,2666241,33.1,0.030090,22.46,0.725
r,79.wav,1773849699.252373,62.0894,2704379,2699969,34.8,0.037018,17.38,0.862
r,80.wav,1773849700.038795,62.8758,2738913,2734503,35.6,0.039490,18.91,0.850
r,81.wav,1773849700.79595,63.6329,2772342,2767932,35.0,0.039093,18.20,0.859
r,82.wav,1773849701.577206,64.4142,2806759,2802349,36.5,0.045532,20.86,0.915
r,83.wav,1773849702.310275,65.1473,2839235,2834825,33.3,0.030518,17.51,0.852
r,84.wav,1773849703.06339,65.9004,2872303,2867893,34.7,0.038544,18.80,0.805
r,85.wav,1773849703.862629,66.6996,2907745,2903335,33.0,0.030853,16.01,0.660
r,86.wav,1773849704.637237,67.4742,2941836,2937426,33.0,0.031067,20.18,0.753
r,87.wav,1773849705.40515,68.2421,2975586,2971176,36.4,0.045532,20.45,0.910
r,88.wav,1773849706.202681,69.0397,3010647,3006237,35.8,0.044312,20.68,0.894
r,89.wav,1773849706.968495,69.8055,3044697,3040287,33.4,0.033752,18.47,0.848
r,90.wav,1773849707.759234,70.5962,3079552,3075142,34.3,0.034851,16.06,0.695
r,91.wav,1773849708.563042,71.4000,3114967,3110557,33.8,0.035217,18.55,0.837
r,92.wav,1773849709.283905,72.1209,3146920,3142510,31.9,0.027039,15.91,0.816
r,93.wav,1773849710.018043,72.8550,3179078,3174668,33.9,0.033691,15.90,0.888
r,94.wav,1773849710.779355,73.6163,3212784,3208374,31.4,0.024658,14.93,0.853
r,95.wav,1773849711.591333,74.4283,3248641,3244231,32.0,0.028290,17.55,0.796
r,96.wav,1773849712.397406,75.2344,3284012,3279602,32.3,0.028381,16.82,0.787
r,97.wav,1773849713.190349,76.0273,3319013,3314603,33.3,0.032379,17.18,0.845
r,98.wav,1773849713.983992,76.8210,3354198,3349788,30.8,0.023010,16.40,0.757
r,99.wav,1773849714.718444,77.5554,3386561,3382151,30.6,0.023560,20.17,0.646
s,0.wav,1773849728.645648,1.5309,11488,7078,30.0,0.009033,13.81,1.000
s,1.wav,1773849729.399863,2.2851,45141,40731,35.5,0.017090,13.58,1.000
s,2.wav,1773849730.194082,3.0793,79895,75485,35.4,0.015045,14.29,1.000
s,3.wav,1773849730.963856,3.8491,113819,109409,34.4,0.014587,14.96,1.000
s,4.wav,1773849731.674664,4.5599,145411,141001,34.9,0.013397,13.72,1.000
s,5.wav,1773849732.474827,5.3601,180526,176116,38.1,0.020660,14.90,1.000
s,6.wav,1773849733.247777,6.1330,214628,210218,34.9,0.015625,16.31,1.000
s,7.wav,1773849734.006859,6.8921,248226,243816,34.7,0.015564,13.40,1.000
s,8.wav,1773849734.703927,7.5892,279090,274680,33.5,0.012421,16.63,1.000
s,9.wav,1773849735.508236,8.3935,314587,310177,35.1,0.014984,15.15,1.000
s,10.wav,1773849736.281131,9.1664,348443,344033,37.9,0.019989,15.23,1.000
s,11.wav,1773849737.071922,9.9572,383376,378966,37.2,0.019501,15.91,1.000
s,12.wav,1773849737.847329,10.7326,417721,413311,33.9,0.013733,14.33,1.000
s,13.wav,1773849738.635634,11.5209,452266,447856,34.8,0.014069,15.09,1.000
s,14.wav,1773849739.424397,12.3097,487137,482727,33.8,0.014252,15.42,1.000
s,15.wav,1773849740.222698,13.1080,522325,517915,35.7,0.016235,14.86,1.000
s,16.wav,1773849740.983668,13.8689,556022,551612,32.9,0.011719,13.98,1.000
s,17.wav,1773849741.73187,14.6171,589083,584673,31.9,0.010773,13.05,1.000
s,18.wav,1773849742.509495,15.3948,623145,618735,32.3,0.011963,15.67,1.000
s,19.wav,1773849743.299665,16.1849,658277,653867,28.1,0.007446,14.31,1.000
s,20.wav,1773849744.079151,16.9644,692465,688055,30.4,0.009674,15.58,0.953
s,21.wav,1773849744.915727,17.8010,729493,725083,30.4,0.010040,14.48,0.937
s,22.wav,1773849745.69075,18.5760,763581,759171,30.5,0.010162,14.97,0.928
s,23.wav,1773849746.475548,19.3608,797942,793532,33.6,0.013092,14.59,0.966
s,24.wav,1773849747.237714,20.1230,831917,827507,33.9,0.013000,13.46,0.967
s,25.wav,1773849748.015707,20.9010,865980,861570,34.6,0.015503,14.12,0.962
s,26.wav,1773849748.757279,21.6425,898715,894305,34.0,0.013214,14.63,0.949
s,27.wav,1773849749.546765,22.4320,933553,929143,33.8,0.013397,13.89,0.955
s,28.wav,1773849750.297344,23.1826,966740,962330,30.4,0.008911,13.80,0.893
s,29.wav,1773849751.060154,23.9454,1000429,996019,29.5,0.008148,13.28,0.897
s,30.wav,1773849751.88541,24.7707,1036554,1032144,33.5,0.012787,15.14,0.973
s,31.wav,1773849752.654199,25.5395,1070661,1066251,31.1,0.010620,12.52,0.921
s,32.wav,1773849753.440242,26.3255,1105259,1100849,31.0,0.009979,14.46,0.913
s,33.wav,1773849754.197217,27.0825,1138570,1134160,33.2,0.012512,14.57,0.962
s,34.wav,1773849754.982442,27.8677,1173191,1168781,34.2,0.013336,14.16,0.968
s,35.wav,1773849755.752065,28.6373,1207136,1202726,35.8,0.016266,15.60,0.985
s,36.wav,1773849756.509586,29.3949,1240617,1236207,34.5,0.013885,14.56,0.963
s,37.wav,1773849757.294018,30.1793,1275373,1270963,33.9,0.013458,13.23,0.957
s,38.wav,1773849758.072899,30.9582,1309751,1305341,33.2,0.011444,12.96,0.947
s,39.wav,1773849758.871748,31.7570,1344770,1340360,33.0,0.012390,14.63,0.948
s,40.wav,1773849759.607137,32.4924,1377261,1372851,32.6,0.012421,15.15,0.961
s,41.wav,1773849760.333176,33.2184,1409196,1404786,32.4,0.012054,14.96,0.954
s,42.wav,1773849761.075492,33.9608,1441825,1437415,33.5,0.013672,14.29,0.952
s,43.wav,1773849761.825696,34.7110,1475102,1470692,30.7,0.009888,15.01,0.869
s,44.wav,1773849762.614693,35.5000,1509993,1505583,33.2,0.012146,13.16,0.916
s,45.wav,1773849763.413962,36.2992,1545212,1540802,32.9,0.012207,13.90,0.942
s,46.wav,1773849764.212352,37.0976,1580169,1575759,35.3,0.015137,15.28,0.989
s,47.wav,1773849764.968313,37.8536,1613468,1609058,34.4,0.014313,15.17,0.983
s,48.wav,1773849765.715742,38.6010,1646479,1642069,32.7,0.012482,15.21,0.974
s,49.wav,1773849766.420791,39.3061,1677806,1673396,30.8,0.009644,15.18,0.947
s,50.wav,1773849767.150111,40.0354,1709729,1705319,33.7,0.014313,17.09,0.969
s,51.wav,1773849767.923892,40.8092,1744015,1739605,35.8,0.016327,14.63,0.985
s,52.wav,1773849768.633843,41.5191,1775317,1770907,35.1,0.015686,15.26,0.974
s,53.wav,1773849769.421098,42.3064,1809976,1805566,32.8,0.012604,13.23,0.961
s,54.wav,1773849770.176785,43.0621,1843451,1839041,34.4,0.014954,13.70,0.981
s,55.wav,1773849770.913789,43.7991,1875865,1871455,34.2,0.014740,13.91,0.974
s,56.wav,1773849771.655521,44.5408,1908455,1904045,34.3,0.015228,14.25,0.950
s,57.wav,1773849772.393809,45.2791,1941147,1936737,35.1,0.016022,13.74,0.985
s,58.wav,1773849773.177332,46.0626,1975878,1971468,31.1,0.009644,13.24,0.940
s,59.wav,1773849773.943112,46.8284,2009464,2005054,34.1,0.015198,14.10,0.983
s,60.wav,1773849774.747224,47.6325,2045012,2040602,32.3,0.011719,12.92,0.966
s,61.wav,1773849775.475513,48.3608,2077133,2072723,35.0,0.016663,13.79,0.962
s,62.wav,1773849776.335288,49.2206,2114828,2110418,35.5,0.017395,13.57,0.977
s,63.wav,1773849777.083199,49.9685,2147930,2143520,33.5,0.014984,13.33,0.954
s,64.wav,1773849777.835854,50.7211,2181081,2176671,32.5,0.012787,13.05,0.947
s,65.wav,1773849778.610835,51.4961,2215272,2210862,32.5,0.012360,13.25,0.969
s,66.wav,1773849779.380931,52.2662,2249174,2244764,36.6,0.020294,14.36,0.970
s,67.wav,1773849780.145557,53.0308,2282976,2278566,33.3,0.014221,14.40,0.932
s,68.wav,1773849780.8793,53.7646,2315442,2311032,32.7,0.012848,14.00,0.974
s,69.wav,1773849781.667257,54.5525,2350161,2345751,32.2,0.012207,14.46,0.967
s,70.wav,1773849782.446383,55.3316,2384431,2380021,34.9,0.016449,14.48,0.983
s,71.wav,1773849783.211868,56.0971,2418307,2413897,31.7,0.010071,15.51,0.967
s,72.wav,1773849783.964087,56.8494,2451249,2446839,36.1,0.016602,14.66,0.977
s,73.wav,1773849784.70533,57.5906,2484145,2479735,35.6,0.015778,14.42,0.987
s,74.wav,1773849785.497012,58.3823,2518949,2514539,34.0,0.013123,13.35,0.979
s,75.wav,1773849786.287285,59.1726,2553924,2549514,28.6,0.008209,15.80,0.928
s,76.wav,1773849787.095437,59.9807,2589241,2584831,34.1,0.014252,16.27,0.978
s,77.wav,1773849787.894002,60.7793,2624518,2620108,32.1,0.012115,16.75,0.973
s,78.wav,1773849788.663619,61.5489,2658763,2654353,31.2,0.010132,14.36,0.963
s,79.wav,1773849789.43093,62.3162,2692359,2687949,33.6,0.014282,15.37,0.962
s,80.wav,1773849790.227238,63.1125,2727523,2723113,30.9,0.010132,15.76,0.925
s,81.wav,1773849791.007392,63.8927,2762136,2757726,32.1,0.010803,15.90,0.964
s,82.wav,1773849791.829346,64.7146,2798233,2793823,29.1,0.009247,18.25,0.913
s,83.wav,1773849792.574105,65.4594,2831116,2826706,29.0,0.009583,18.23,0.905
s,84.wav,1773849793.371867,66.2571,2866139,2861729,32.5,0.012970,17.55,0.954
s,85.wav,1773849794.145428,67.0307,2900330,2895920,33.5,0.012390,13.72,0.926
s,86.wav,1773849794.975197,67.8605,2936925,2932515,31.8,0.010895,14.74,0.913
s,87.wav,1773849795.7508,68.6361,2971122,2966712,31.9,0.010773,13.93,0.907
s,88.wav,1773849796.55304,69.4383,3006295,3001885,33.2,0.012726,14.45,0.899
s,89.wav,1773849797.302585,70.1878,3039447,3035037,32.4,0.011169,13.42,0.885
s,90.wav,1773849798.037094,70.9224,3071989,3067579,30.5,0.009064,14.44,0.834
s,91.wav,1773849798.808175,71.6934,3105966,3101556,30.5,0.009460,13.93,0.829
s,92.wav,1773849799.599962,72.4852,3140991,3136581,32.7,0.011963,13.45,0.879
s,93.wav,1773849800.369419,73.2547,3174989,3170579,31.5,0.010712,13.26,0.878
s,94.wav,1773849801.173938,74.0592,3210623,3206213,30.2,0.008331,13.22,0.773
s,95.wav,1773849801.969168,74.8544,3245565,3241155,32.0,0.010742,14.63,0.922
s,96.wav,1773849802.757256,75.6425,3280182,3275772,32.3,0.010681,13.07,0.857
s,97.wav,1773849803.53402,76.4193,3314542,3310132,31.3,0.009369,14.78,0.928
s,98.wav,1773849804.352038,77.2373,3350672,3346262,31.1,0.008942,13.92,0.895
s,99.wav,1773849805.171866,78.0571,3386581,3382171,34.0,0.013367,13.45,0.868
t,0.wav,1773849816.211994,1.4815,13571,9161,38.7,0.027039,19.77,1.000
t,1.wav,1773849816.838118,2.1077,41455,37045,33.5,0.014771,16.33,1.000
t,2.wav,1773849817.613927,2.8835,75568,71158,36.0,0.020386,17.92,1.000
t,3.wav,1773849818.369141,3.6387,108875,104465,38.1,0.025208,19.27,1.000
t,4.wav,1773849819.140497,4.4101,142840,138430,37.9,0.026978,18.51,1.000
t,5.wav,1773849819.880552,5.1501,175734,171324,34.7,0.015411,20.64,1.000
t,6.wav,1773849820.659582,5.9291,209886,205476,37.3,0.021881,22.83,1.000
t,7.wav,1773849821.419644,6.6892,243511,239101,33.6,0.014404,21.34,1.000
t,8.wav,1773849822.225156,7.4947,278988,274578,34.3,0.014709,21.61,1.000
t,9.wav,1773849822.983461,8.2530,312509,308099,35.2,0.017365,18.48,1.000
t,10.wav,1773849823.743997,9.0136,345912,341502,36.5,0.020508,19.14,1.000
t,11.wav,1773849824.521734,9.7913,380287,375877,34.0,0.014221,21.05,1.000
t,12.wav,1773849825.323945,10.5935,415647,411237,32.7,0.013824,17.50,1.000
t,13.wav,1773849826.092781,11.3623,449609,445199,34.4,0.017059,19.48,1.000
t,14.wav,1773849826.78389,12.0534,480130,475720,34.0,0.016357,19.13,1.000
t,15.wav,1773849827.545386,12.8149,513706,509296,35.8,0.018616,19.78,1.000
t,16.wav,1773849828.308163,13.5777,547199,542789,36.3,0.021149,21.01,1.000
t,17.wav,1773849829.103795,14.3734,582444,578034,35.0,0.018005,19.18,1.000
t,18.wav,1773849829.835269,15.1048,614714,610304,36.0,0.019775,20.49,1.000
t,19.wav,1773849830.582833,15.8524,647429,643019,36.0,0.021271,18.77,1.000
t,20.wav,1773849831.253592,16.5231,677098,672688,35.6,0.018677,20.06,0.962
t,21.wav,1773849831.958191,17.2277,707660,703250,32.5,0.042633,23.41,0.854
t,22.wav,1773849832.709146,17.9787,741307,736897,35.4,0.018280,19.73,0.932
t,23.wav,1773849833.456899,18.7265,774467,770057,33.9,0.014343,19.48,0.934
t,24.wav,1773849834.237976,19.5075,808753,804343,38.2,0.024689,20.78,0.971
t,25.wav,1773849835.00804,20.2776,842665,838255,34.7,0.016541,20.60,0.967
t,26.wav,1773849835.704893,20.9744,873493,869083,34.3,0.015961,19.53,0.954
t,27.wav,1773849836.42666,21.6962,905255,900845,36.1,0.018707,20.22,0.961
t,28.wav,1773849837.107023,22.3766,935274,930864,35.4,0.018860,17.61,0.915
t,29.wav,1773849837.893427,23.1630,970030,965620,35.6,0.018585,20.17,0.914
t,30.wav,1773849838.604475,23.8740,1001282,996872,34.7,0.018311,18.69,0.871
t,31.wav,1773849839.421484,24.6910,1037296,1032886,34.2,0.016052,20.67,0.832
t,32.wav,1773849840.184264,25.4538,1070950,1066540,33.7,0.015472,18.61,0.850
t,33.wav,1773849840.951531,26.2211,1104794,1100384,34.0,0.016327,19.82,0.888
t,34.wav,1773849841.667623,26.9372,1136501,1132091,32.2,0.012573,23.70,0.735
t,35.wav,1773849842.435014,27.7046,1170299,1165889,31.6,0.012909,20.20,0.742
t,36.wav,1773849843.24298,28.5125,1205822,1201412,34.8,0.018219,19.52,0.821
t,37.wav,1773849844.041453,29.3110,1241280,1236870,31.1,0.011749,21.22,0.676
t,38.wav,1773849844.787056,30.0566,1273931,1269521,34.1,0.016327,17.56,0.856
t,39.wav,1773849845.487476,30.7570,1305050,1300640,33.2,0.013733,18.12,0.898
t,40.wav,1773849846.233801,31.5034,1337982,1333572,33.3,0.014282,17.41,0.927
t,41.wav,1773849847.047607,32.3172,1373749,1369339,34.0,0.016022,16.67,0.873
t,42.wav,1773849847.780432,33.0500,1406056,1401646,31.8,0.012299,17.80,0.910
t,43.wav,1773849848.531785,33.8013,1439094,1434684,32.8,0.013855,17.52,0.871
t,44.wav,1773849849.31952,34.5891,1473857,1469447,35.0,0.017822,19.96,0.958
t,45.wav,1773849850.093882,35.3634,1508104,1503694,34.3,0.015381,18.90,0.957
t,46.wav,1773849850.849919,36.1195,1541358,1536948,34.9,0.018402,20.31,0.940
t,47.wav,1773849851.61683,36.8864,1575147,1570737,32.9,0.014587,19.39,0.863
t,48.wav,1773849852.384352,37.6539,1609148,1604738,30.5,0.010345,19.65,0.748
t,49.wav,1773849853.16418,38.4337,1643571,1639161,34.0,0.015198,19.71,0.942
t,50.wav,1773849853.907674,39.1772,1676362,1671952,31.2,0.011658,16.93,0.796
t,51.wav,1773849854.672923,39.9425,1709446,1705036,31.2,0.037170,17.12,0.831
t,52.wav,1773849855.431166,40.7007,1743516,1739106,32.9,0.014557,18.44,0.851
t,53.wav,1773849856.212549,41.4821,1777744,1773334,35.3,0.019867,18.48,0.863
t,54.wav,1773849857.026986,42.2965,1813679,1809269,35.8,0.021332,17.71,0.893
t,55.wav,1773849857.770494,43.0401,1846095,1841685,31.5,0.038605,18.59,0.807
t,56.wav,1773849858.481745,43.7513,1877858,1873448,35.1,0.016602,20.77,0.961
t,57.wav,1773849859.267278,44.5368,1912447,1908037,36.1,0.019348,19.92,0.922
t,58.wav,1773849860.009077,45.2786,1945283,1940873,36.4,0.020508,20.31,0.973
t,59.wav,1773849860.771895,46.0415,1978971,1974561,31.1,0.010376,17.31,0.793
t,60.wav,1773849861.471678,46.7412,2009806,2005396,33.4,0.013489,17.61,0.881
t,61.wav,1773849862.23806,47.5076,2043692,2039282,29.9,0.008820,18.44,0.786
t,62.wav,1773849862.988138,48.2577,2076750,2072340,32.5,0.013062,17.53,0.924
t,63.wav,1773849863.782774,49.0523,2111816,2107406,31.0,0.010620,17.90,0.886
t,64.wav,1773849864.52269,49.7922,2144537,2140127,30.4,0.009186,16.82,0.939
t,65.wav,1773849865.309976,50.5795,2178573,2174163,28.2,0.025238,16.07,0.863
t,66.wav,1773849866.036618,51.3062,2211144,2206734,31.1,0.009613,17.61,0.943
t,67.wav,1773849866.772661,52.0422,2243789,2239379,29.4,0.009125,20.33,0.912
t,68.wav,1773849867.507401,52.7770,2276100,2271690,30.5,0.008331,18.83,0.887
t,69.wav,1773849868.19525,53.4648,2306540,2302130,26.2,0.008911,24.96,0.844
t,70.wav,1773849868.973404,54.2430,2340888,2336478,26.3,0.007050,21.46,0.849
t,71.wav,1773849869.733251,55.0028,2373624,2369214,32.3,0.043640,22.79,0.769
t,72.wav,1773849870.496954,55.7665,2407471,2403061,30.9,0.036377,18.22,0.862
t,73.wav,1773849871.259644,56.5292,2441496,2437086,31.8,0.010010,21.70,0.936
t,74.wav,1773849872.002225,57.2718,2473803,2469393,31.1,0.037567,19.56,0.897
t,75.wav,1773849872.803564,58.0731,2509071,2504661,31.6,0.039551,20.72,0.916
t,76.wav,1773849873.548806,58.8184,2541855,2537445,32.2,0.041870,22.84,0.801
t,77.wav,1773849874.326263,59.5958,2576624,2572214,34.5,0.014099,18.45,0.949
t,78.wav,1773849875.051721,60.3213,2608713,2604303,31.5,0.010468,19.70,0.938
t,79.wav,1773849875.779016,61.0486,2640838,2636428,30.7,0.010437,26.15,0.929
t,80.wav,1773849876.498682,61.7682,2672561,2668151,30.5,0.009430,23.20,0.859
t,81.wav,1773849877.175098,62.4447,2702443,2698033,32.0,0.009857,19.27,0.908
t,82.wav,1773849877.847306,63.1169,2732108,2727698,32.8,0.012268,18.81,0.954
t,83.wav,1773849878.606725,63.8763,2765542,2761132,31.8,0.010773,17.31,0.877
t,84.wav,1773849879.350403,64.6200,2798223,2793813,34.7,0.014771,18.96,0.963
t,85.wav,1773849880.076658,65.3462,2830255,2825845,33.9,0.015015,19.35,0.959
t,86.wav,1773849880.861912,66.1315,2864437,2860027,30.4,0.031403,16.09,0.925
t,87.wav,1773849881.601047,66.8706,2897508,2893098,35.6,0.018036,18.68,0.946
t,88.wav,1773849882.343483,67.6130,2930350,2925940,32.9,0.012878,19.17,0.946
t,89.wav,1773849883.094877,68.3644,2963443,2959033,36.5,0.019684,18.51,0.971
t,90.wav,1773849883.810479,69.0800,2994436,2990026,32.2,0.042236,19.19,0.940
t,91.wav,1773849884.467728,69.7373,3023862,3019452,32.7,0.012695,20.47,0.955
t,92.wav,1773849885.137924,70.4075,3053429,3049019,34.9,0.016388,19.56,0.951
t,93.wav,1773849885.902411,71.1720,3087257,3082847,33.8,0.014160,16.92,0.890
t,94.wav,1773849886.645092,71.9146,3119999,3115589,34.7,0.015015,17.71,0.942
t,95.wav,1773849887.401502,72.6711,3152812,3148402,32.6,0.041443,16.59,0.879
t,96.wav,1773849888.168778,73.4383,3187177,3182767,34.9,0.016357,19.32,0.967
t,97.wav,1773849888.957637,74.2272,3221822,3217412,36.8,0.022369,20.30,0.960
t,98.wav,1773849889.692995,74.9626,3254318,3249908,33.6,0.013000,21.13,0.874
t,99.wav,1773849890.446671,75.7162,3287585,3283175,35.4,0.018188,17.98,0.783
u,0.wav,1773849901.701341,1.1147,20778,16368,36.2,0.036163,21.54,1.000
u,1.wav,1773849902.383209,1.7966,50767,46357,33.7,0.040710,26.14,1.000
u,2.wav,1773849903.136752,2.5501,83986,79576,34.1,0.035675,22.53,1.000
u,3.wav,1773849903.925243,3.3386,118265,113855,30.6,0.025665,19.96,1.000
u,4.wav,1773849904.748743,4.1621,154480,150070,31.5,0.027893,22.01,1.000
u,5.wav,1773849905.517338,4.9307,189015,184605,33.6,0.029510,21.00,1.000
u,6.wav,1773849906.267262,5.6806,221735,217325,35.5,0.033722,21.00,1.000
u,7.wav,1773849906.996536,6.4099,254203,249793,37.0,0.059692,32.12,1.000
u,8.wav,1773849907.77466,7.1880,288076,283666,37.4,0.063995,32.20,1.000
u,9.wav,1773849908.581862,7.9952,324337,319927,34.2,0.046204,32.48,1.000
u,10.wav,1773849909.367165,8.7805,358165,353755,33.9,0.036652,23.98,1.000
u,11.wav,1773849910.081463,9.4948,390080,385670,33.3,0.032410,24.42,1.000
u,12.wav,1773849910.848656,10.2620,423691,419281,34.0,0.034729,24.08,1.000
u,13.wav,1773849911.589066,11.0024,456856,452446,37.1,0.061188,32.09,1.000
u,14.wav,1773849912.414269,11.8276,492936,488526,37.3,0.063416,33.42,1.000
u,15.wav,1773849913.21041,12.6238,528159,523749,33.8,0.038055,25.33,1.000
u,16.wav,1773849913.98623,13.3996,562134,557724,37.0,0.062744,33.53,1.000
u,17.wav,1773849914.744802,14.1582,595693,591283,35.2,0.047974,30.13,1.000
u,18.wav,1773849915.514344,14.9277,630177,625767,32.1,0.033447,24.95,1.000
u,19.wav,1773849916.30623,15.7196,664624,660214,32.6,0.030457,23.01,1.000
u,20.wav,1773849917.111834,16.5252,700830,696420,35.4,0.053223,33.28,0.969
u,21.wav,1773849917.86345,17.2768,733344,728934,33.1,0.033447,23.94,0.956
u,22.wav,1773849918.637704,18.0511,767880,763470,37.4,0.063080,31.99,0.977
u,23.wav,1773849919.447097,18.8605,797482,793072,34.5,0.012268,20.51,0.646
u,24.wav,1773849920.213014,19.6264,837387,832977,33.0,0.037933,29.34,0.965
u,25.wav,1773849921.008197,20.4216,871521,867111,36.5,0.038483,20.81,0.969
u,26.wav,1773849921.799703,21.2131,907146,902736,33.5,0.032837,24.41,0.974
u,27.wav,1773849922.599105,22.0125,942463,938053,33.7,0.038696,22.61,0.896
u,28.wav,1773849923.476369,22.8897,980641,976231,33.3,0.040253,29.41,0.955
u,29.wav,1773849924.262296,23.6757,1015981,1011571,33.3,0.041962,32.05,0.948
u,30.wav,1773849925.005301,24.4187,1048699,1044289,33.6,0.035980,23.29,0.947
u,31.wav,1773849925.717303,25.1307,1073876,1069466,35.0,0.013123,16.84,0.701
u,32.wav,1773849926.464213,25.8776,1112331,1107921,38.4,0.071960,32.52,0.982
u,33.wav,1773849927.241297,26.6547,1147590,1143180,36.0,0.053436,30.77,0.976
u,34.wav,1773849927.969506,27.3829,1179723,1175313,35.5,0.052155,32.89,0.975
u,35.wav,1773849928.708354,28.1217,1211145,1206735,32.6,0.032257,21.07,0.909
u,36.wav,1773849929.440835,28.8542,1244033,1239623,33.5,0.029907,21.29,0.977
u,37.wav,1773849930.236128,29.6495,1279185,1274775,31.8,0.030212,23.50,0.931
u,38.wav,1773849931.007395,30.4208,1313298,1308888,32.9,0.031189,22.20,0.946
u,39.wav,1773849931.762718,31.1761,1346743,1342333,31.4,0.029388,23.45,0.927
u,40.wav,1773849932.524145,31.9375,1380431,1376021,31.0,0.024323,20.75,0.936
u,41.wav,1773849933.282537,32.6959,1413757,1409347,31.0,0.022705,19.13,0.932
u,42.wav,1773849934.059429,33.4728,1441645,1437235,34.6,0.012634,20.52,0.691
u,43.wav,1773849934.778517,34.1919,1473382,1468972,32.6,0.010742,23.86,0.655
u,44.wav,1773849935.603981,35.0173,1516289,1511879,28.7,0.021759,20.47,0.875
u,45.wav,1773849936.355859,35.7692,1542847,1538437,31.7,0.010101,24.77,0.634
u,46.wav,1773849937.095284,36.5086,1582121,1577711,31.3,0.025452,21.44,0.953
u,47.wav,1773849937.839197,37.2526,1608526,1604116,31.7,0.009430,19.88,0.629
u,48.wav,1773849938.598252,38.0116,1641943,1637533,34.5,0.011597,17.46,0.661
u,49.wav,1773849939.39901,38.8124,1677293,1672883,34.0,0.011230,21.12,0.676
u,50.wav,1773849940.121423,39.5348,1708936,1704526,36.7,0.014679,19.40,0.738
u,51.wav,1773849940.846614,40.2600,1740910,1736500,37.9,0.018616,19.56,0.808
u,52.wav,1773849941.573559,40.9869,1773257,1768847,32.0,0.008148,18.66,0.678
u,53.wav,1773849942.320823,41.7342,1806070,1801660,33.5,0.010132,20.28,0.667
u,54.wav,1773849943.090676,42.5040,1840290,1835880,30.7,0.008240,19.71,0.644
u,55.wav,1773849943.809457,43.2228,1877847,1873437,36.8,0.060730,34.06,0.979
u,56.wav,1773849944.505687,43.9191,1908793,1904383,33.4,0.027435,21.35,0.970
u,57.wav,1773849945.243992,44.6574,1941251,1936841,34.3,0.044708,31.90,0.975
u,58.wav,1773849945.900469,45.3138,1963807,1959397,35.4,0.013336,20.13,0.765
u,59.wav,1773849946.634908,46.0483,1996102,1991692,35.7,0.014465,18.76,0.748
u,60.wav,1773849947.378417,46.7918,2029041,2024631,33.0,0.009949,18.80,0.744
u,61.wav,1773849948.110576,47.5239,2061376,2056966,32.1,0.009125,20.42,0.764
u,62.wav,1773849948.837118,48.2505,2093789,2089379,31.4,0.008636,20.17,0.714
u,63.wav,1773849949.61922,49.0326,2134430,2130020,29.5,0.022858,22.89,0.926
u,64.wav,1773849950.38856,49.8019,2167815,2163405,29.7,0.022491,22.68,0.957
u,65.wav,1773849951.133906,50.5473,2201174,2196764,33.0,0.035522,26.92,0.975
u,66.wav,1773849951.924723,51.3381,2235825,2231415,34.5,0.045563,31.86,0.972
u,67.wav,1773849952.687063,52.1004,2263115,2258705,34.1,0.012054,19.81,0.736
u,68.wav,1773849953.463348,52.8767,2297361,2292951,33.0,0.010681,19.75,0.765
u,69.wav,1773849954.209304,53.6227,2330242,2325832,33.5,0.011169,18.19,0.672
u,70.wav,1773849955.021113,54.4345,2366112,2361702,32.9,0.010162,19.03,0.709
u,71.wav,1773849955.756236,55.1696,2404902,2400492,30.2,0.024750,23.28,0.941
u,72.wav,1773849956.482442,55.8958,2437384,2432974,25.4,0.012604,16.38,0.852
u,73.wav,1773849957.282254,56.6956,2471785,2467375,34.1,0.042694,31.22,0.978
u,74.wav,1773849958.06923,57.4826,2500756,2496346,32.1,0.008636,18.60,0.658
u,75.wav,1773849958.835742,58.2491,2534445,2530035,32.6,0.009216,20.19,0.784
u,76.wav,1773849959.619459,59.0328,2575548,2571138,32.4,0.033630,26.86,0.960
u,77.wav,1773849960.395158,59.8085,2609572,2605162,29.2,0.020294,21.42,0.943
u,78.wav,1773849961.147997,60.5614,2636267,2631857,34.3,0.011292,19.58,0.703
u,79.wav,1773849961.917238,61.3306,2670219,2665809,33.1,0.010010,21.20,0.756
u,80.wav,1773849962.666065,62.0794,2703640,2699230,31.6,0.009247,18.83,0.741
u,81.wav,1773849963.443004,62.8564,2737544,2733134,31.2,0.009308,22.45,0.716
u,82.wav,1773849964.18504,63.5984,2770293,2765883,31.3,0.009583,22.64,0.692
u,83.wav,1773849964.863188,64.2766,2800351,2795941,34.2,0.010986,21.68,0.793
u,84.wav,1773849965.621524,65.0349,2840219,2835809,27.8,0.018738,19.70,0.881
u,85.wav,1773849966.318333,65.7317,2864282,2859872,33.5,0.012390,24.45,0.669
u,86.wav,1773849967.042477,66.4558,2896202,2891792,35.0,0.013336,21.84,0.810
u,87.wav,1773849967.770055,67.1834,2928132,2923722,36.7,0.014984,23.95,0.844
u,88.wav,1773849968.450502,67.8639,2965032,2960622,26.6,0.015991,16.75,0.782
u,89.wav,1773849969.151971,68.5653,2989106,2984696,35.9,0.014038,22.03,0.839
u,90.wav,1773849969.882194,69.2956,3021439,3017029,33.1,0.010498,19.13,0.671
u,91.wav,1773849970.633169,70.0465,3054694,3050284,30.7,0.009094,22.13,0.602
u,92.wav,1773849971.340314,70.7537,3085641,3081231,35.1,0.012665,22.07,0.803
u,93.wav,1773849972.064544,71.4779,3117530,3113120,35.6,0.014008,19.39,0.705
u,94.wav,1773849972.797113,72.2105,3149944,3145534,35.2,0.013733,18.87,0.731
u,95.wav,1773849973.609721,73.0231,3191702,3187292,31.1,0.021576,18.16,0.958
u,96.wav,1773849974.406072,73.8194,3226582,3222172,32.7,0.029602,23.76,0.961
u,97.wav,1773849975.168999,74.5824,3260194,3255784,32.1,0.031097,18.67,0.690
u,98.wav,1773849975.885679,75.2990,3292717,3288307,36.9,0.039825,22.17,0.967
u,99.wav,1773849976.70009,76.1135,3327716,3323306,35.3,0.037567,23.38,0.973
v,0.wav,1773849988.304691,1.0637,4896,486,4.2,0.000610,4.55,1.000
v,1.wav,1773849989.035981,1.7950,27493,23083,37.7,0.053925,17.49,1.000
v,2.wav,1773849989.756745,2.5157,59473,55063,35.3,0.041565,18.05,1.000
v,3.wav,1773849990.536286,3.2953,94341,89931,36.6,0.016663,18.48,1.000
v,4.wav,1773849991.246334,4.0053,125370,120960,33.2,0.031189,15.05,1.000
v,5.wav,1773849991.961694,4.7207,156559,152149,38.3,0.060211,20.59,1.000
v,6.wav,1773849992.7295,5.4885,190421,186011,39.7,0.066528,19.08,1.000
v,7.wav,1773849993.533404,6.2924,225933,221523,36.7,0.048309,19.56,1.000
v,8.wav,1773849994.272701,7.0317,258621,254211,39.1,0.060760,20.02,1.000
v,9.wav,1773849995.106917,7.8659,295394,290984,37.6,0.050720,19.67,1.000
v,10.wav,1773849995.90791,8.6669,330725,326315,36.4,0.043457,19.14,1.000
v,11.wav,1773849996.74467,9.5036,367729,363319,36.0,0.041077,18.32,1.000
v,12.wav,1773849997.477052,10.2360,399893,395483,38.0,0.051697,19.87,1.000
v,13.wav,1773849998.21677,10.9757,432450,428040,38.3,0.055420,19.47,1.000
v,14.wav,1773849998.973804,11.7328,465885,461475,35.0,0.036316,16.34,1.000
v,15.wav,1773849999.756445,12.5154,500446,496036,33.2,0.033661,18.48,1.000
v,16.wav,1773850000.542424,13.3014,535118,530708,35.5,0.040375,18.41,1.000
v,17.wav,1773850001.31997,14.0789,569478,565068,37.1,0.049408,19.19,1.000
v,18.wav,1773850002.101112,14.8601,603807,599397,35.3,0.040955,18.98,1.000
v,19.wav,1773850002.890985,15.6500,638746,634336,34.6,0.036957,19.05,1.000
v,20.wav,1773850003.656709,16.4157,672437,668027,36.3,0.043182,18.61,0.959
v,21.wav,1773850004.447232,17.2062,707395,702985,32.6,0.030151,16.49,0.930
v,22.wav,1773850005.20998,17.9690,741024,736614,35.6,0.038940,17.12,0.953
v,23.wav,1773850005.991788,18.7508,775499,771089,35.0,0.038208,17.19,0.907
v,24.wav,1773850006.735587,19.4946,808493,804083,30.4,0.022339,15.25,0.817
v,25.wav,1773850007.492901,20.2519,841600,837190,37.4,0.051025,20.24,0.954
v,26.wav,1773850008.233236,20.9922,874378,869968,35.8,0.042969,19.51,0.957
v,27.wav,1773850009.039944,21.7989,909942,905532,31.6,0.027924,17.21,0.779
v,28.wav,1773850009.826125,22.5851,944556,940146,35.0,0.039246,18.48,0.950
v,29.wav,1773850010.58884,23.3478,978349,973939,31.8,0.026611,16.00,0.920
v,30.wav,1773850011.425628,24.1846,1015117,1010707,33.8,0.033630,17.24,0.949
v,31.wav,1773850012.12177,24.8807,1045859,1041449,35.1,0.038605,17.73,0.912
v,32.wav,1773850012.880872,25.6398,1079383,1074973,35.5,0.041443,18.85,0.963
v,33.wav,1773850013.630784,26.3898,1112367,1107957,34.0,0.035004,17.98,0.939
v,34.wav,1773850014.357759,27.1167,1144291,1139881,38.2,0.055023,20.00,0.977
v,35.wav,1773850015.136625,27.8956,1178694,1174284,35.1,0.038696,19.26,0.938
v,36.wav,1773850015.782191,28.5412,1207252,1202842,32.7,0.030762,18.97,0.939
v,37.wav,1773850016.463869,29.2228,1237467,1233057,31.6,0.027405,19.07,0.931
v,38.wav,1773850017.182797,29.9418,1268823,1264413,35.3,0.042603,19.52,0.952
v,39.wav,1773850017.947605,30.7066,1302685,1298275,34.8,0.040375,19.16,0.910
v,40.wav,1773850018.686742,31.4457,1335056,1330646,36.9,0.045654,18.83,0.960
v,41.wav,1773850019.417814,32.1768,1367466,1363056,34.6,0.036774,17.49,0.941
v,42.wav,1773850020.207535,32.9665,1402340,1397930,36.8,0.045563,18.76,0.971
v,43.wav,1773850020.947852,33.7068,1434998,1430588,37.5,0.050873,20.17,0.966
v,44.wav,1773850021.705804,34.4648,1468457,1464047,35.1,0.039276,17.39,0.911
v,45.wav,1773850022.45499,35.2140,1501548,1497138,35.1,0.039856,18.89,0.954
v,46.wav,1773850023.217624,35.9766,1535028,1530618,37.5,0.050873,17.66,0.962
v,47.wav,1773850024.016651,36.7756,1570473,1566063,34.4,0.036438,17.10,0.891
v,48.wav,1773850024.728486,37.4875,1601664,1597254,37.5,0.048889,17.96,0.963
v,49.wav,1773850025.464547,38.2235,1634243,1629833,36.1,0.043335,17.33,0.884
v,50.wav,1773850026.183291,38.9423,1665929,1661519,35.7,0.042084,18.10,0.948
v,51.wav,1773850026.997732,39.7567,1701935,1697525,34.1,0.034485,17.68,0.939
v,52.wav,1773850027.725995,40.4850,1733880,1729470,35.4,0.041016,17.53,0.808
v,53.wav,1773850028.494856,41.2538,1767902,1763492,36.2,0.043701,18.83,0.927
v,54.wav,1773850029.27751,42.0365,1802641,1798231,32.4,0.028046,16.34,0.851
v,55.wav,1773850030.034773,42.7937,1835770,1831360,37.6,0.049377,19.01,0.944
v,56.wav,1773850030.756718,43.5157,1867565,1863155,36.5,0.044769,18.74,0.870
v,57.wav,1773850031.510456,44.2694,1900889,1896479,33.9,0.033234,15.58,0.860
v,58.wav,1773850032.327737,45.0867,1937169,1932759,31.4,0.025116,16.66,0.927
v,59.wav,1773850033.114648,45.8736,1971670,1967260,35.3,0.039795,18.90,0.905
v,60.wav,1773850033.902354,46.6613,2006384,2001974,36.5,0.044647,19.50,0.946
v,61.wav,1773850034.650563,47.4095,2039379,2034969,35.5,0.040222,18.46,0.938
v,62.wav,1773850035.418654,48.1776,2073183,2068773,36.2,0.044922,18.71,0.942
v,63.wav,1773850036.229534,48.9885,2109060,2104650,34.7,0.037750,18.75,0.950
v,64.wav,1773850036.977581,49.7366,2142059,2137649,32.5,0.029968,15.83,0.777
v,65.wav,1773850037.746371,50.5053,2175695,2171285,36.1,0.043488,16.59,0.875
v,66.wav,1773850038.45661,51.2156,2207089,2202679,36.1,0.045837,18.09,0.878
v,67.wav,1773850039.211354,51.9703,2240479,2236069,35.5,0.041077,16.40,0.789
v,68.wav,1773850039.996142,52.7551,2275179,2270769,34.9,0.038605,16.99,0.807
v,69.wav,1773850040.785589,53.5446,2310050,2305640,31.4,0.025848,16.63,0.659
v,70.wav,1773850041.495813,54.2548,2341329,2336919,33.1,0.031097,19.18,0.770
v,71.wav,1773850042.243184,55.0022,2374209,2369799,35.1,0.039795,16.82,0.739
v,72.wav,1773850043.015942,55.7749,2408291,2403881,33.8,0.032898,15.82,0.900
v,73.wav,1773850043.796515,56.5555,2442615,2438205,35.9,0.043365,17.67,0.913
v,74.wav,1773850044.566047,57.3250,2476820,2472410,33.9,0.033844,17.48,0.854
v,75.wav,1773850045.33571,58.0947,2510568,2506158,35.1,0.037628,18.52,0.947
v,76.wav,1773850046.039019,58.7980,2541535,2537125,35.7,0.042206,19.20,0.960
v,77.wav,1773850046.806567,59.5655,2575305,2570895,36.2,0.044098,18.19,0.965
v,78.wav,1773850047.54262,60.3016,2607954,2603544,33.3,0.032227,16.87,0.917
v,79.wav,1773850048.284701,61.0437,2640525,2636115,35.9,0.041809,17.74,0.941
v,80.wav,1773850049.080261,61.8392,2675712,2671302,34.3,0.035980,16.96,0.884
v,81.wav,1773850049.8046,62.5636,2707487,2703077,36.3,0.044617,19.77,0.966
v,82.wav,1773850050.522538,63.2815,2739197,2734787,37.3,0.053284,21.61,0.965
v,83.wav,1773850051.293708,64.0527,2773260,2768850,34.6,0.036591,18.52,0.956
v,84.wav,1773850052.028447,64.7874,2805767,2801357,35.3,0.041077,19.37,0.890
v,85.wav,1773850052.791787,65.5508,2839291,2834881,36.2,0.043274,18.96,0.937
v,86.wav,1773850053.575996,66.3350,2873882,2869472,33.3,0.032898,16.90,0.917
v,87.wav,1773850054.311741,67.0707,2906355,2901945,36.0,0.042389,18.12,0.916
v,88.wav,1773850055.053158,67.8121,2939010,2934600,37.4,0.049530,18.62,0.954
v,89.wav,1773850055.797444,68.5564,2971861,2967451,38.1,0.055206,19.66,0.973
v,90.wav,1773850056.568719,69.3277,3006117,3001707,33.1,0.031952,16.77,0.821
v,91.wav,1773850057.25681,70.0158,3036236,3031826,36.9,0.045807,18.49,0.971
v,92.wav,1773850057.949579,70.7086,3066832,3062422,35.2,0.038727,17.04,0.956
v,93.wav,1773850058.677594,71.4366,3099232,3094822,32.3,0.028961,15.46,0.900
v,94.wav,1773850059.467581,72.2266,3133730,3129320,38.4,0.057159,19.83,0.976
v,95.wav,1773850060.229138,72.9881,3167408,3162998,36.3,0.046448,17.20,0.954
v,96.wav,1773850060.951521,73.7105,3199171,3194761,38.0,0.054688,17.99,0.897
v,97.wav,1773850061.740701,74.4997,3234064,3229654,34.9,0.038757,18.08,0.884
v,98.wav,1773850062.464479,75.2235,3265712,3261302,38.9,0.061920,19.16,0.952
v,99.wav,1773850063.226745,75.9857,3299566,3295156,36.9,0.047455,17.04,0.781
w,0.wav,1773850075.421321,1.1648,8807,4397,25.0,0.018005,26.98,1.000
w,1.wav,1773850076.120362,1.8639,32615,28205,33.9,0.049072,21.32,1.000
w,2.wav,1773850076.90464,2.6481,67269,62859,33.0,0.039429,21.96,1.000
w,3.wav,1773850077.622224,3.3657,98994,94584,33.7,0.044373,20.61,1.000
w,4.wav,1773850078.353451,4.0970,131086,126676,34.3,0.047546,21.33,1.000
w,5.wav,1773850079.056306,4.7998,162404,157994,31.5,0.033264,18.16,1.000
w,6.wav,1773850079.784398,5.5279,194248,189838,34.5,0.045502,21.29,1.000
w,7.wav,1773850080.552091,6.2956,228012,223602,34.9,0.049988,20.70,1.000
w,8.wav,1773850081.231678,6.9752,258071,253661,34.0,0.048645,23.36,1.000
w,9.wav,1773850081.971867,7.7154,290780,286370,31.9,0.035919,19.58,1.000
w,10.wav,1773850082.751157,8.4947,324988,320578,36.5,0.058441,22.16,1.000
w,11.wav,1773850083.473589,9.2171,356834,352424,36.3,0.057831,24.74,1.000
w,12.wav,1773850084.195471,9.9390,388611,384201,35.2,0.050934,21.77,1.000
w,13.wav,1773850084.952486,10.6960,422524,418114,28.3,0.024323,21.55,1.000
w,14.wav,1773850085.698777,11.4423,455317,450907,31.3,0.034424,23.66,1.000
w,15.wav,1773850086.510643,12.2541,490953,486543,32.1,0.036743,20.81,1.000
w,16.wav,1773850087.275948,13.0194,524759,520349,32.5,0.036072,21.88,1.000
w,17.wav,1773850087.98687,13.7304,556170,551760,31.8,0.037018,23.50,1.000
w,18.wav,1773850088.706746,14.4502,587849,583439,32.1,0.037628,23.99,1.000
w,19.wav,1773850089.457758,15.2013,621014,616604,31.5,0.034210,22.03,1.000
w,20.wav,1773850090.235419,15.9789,655439,651029,30.8,0.032196,22.80,0.871
w,21.wav,1773850090.989648,16.7331,688415,684005,33.7,0.042297,23.98,0.909
w,22.wav,1773850091.805717,17.5492,724444,720034,31.4,0.035675,23.33,0.945
w,23.wav,1773850092.549106,18.2926,757432,753022,31.6,0.031830,22.55,0.894
w,24.wav,1773850093.297914,19.0414,790444,786034,30.7,0.030670,21.58,0.934
w,25.wav,1773850094.01326,19.7568,821671,817261,34.4,0.048767,26.50,0.918
w,26.wav,1773850094.699078,20.4426,852122,847712,32.7,0.040100,24.11,0.915
w,27.wav,1773850095.4168,21.1603,883796,879386,31.9,0.038727,26.27,0.931
w,28.wav,1773850096.1998,21.9433,918335,913925,30.1,0.032104,25.24,0.874
w,29.wav,1773850096.922,22.6655,950304,945894,30.4,0.033234,24.27,0.932
w,30.wav,1773850097.65417,23.3977,982523,978113,30.4,0.032043,23.53,0.905
w,31.wav,1773850098.373497,24.1170,1014289,1009879,30.7,0.032562,24.75,0.860
w,32.wav,1773850099.132644,24.8761,1047572,1043162,31.3,0.036591,25.64,0.908
w,33.wav,1773850099.856902,25.6004,1079669,1075259,32.8,0.040894,28.11,0.901
w,34.wav,1773850100.671045,26.4145,1115522,1111112,30.9,0.036163,23.02,0.811
w,35.wav,1773850101.438515,27.1820,1149552,1145142,30.7,0.031219,23.23,0.852
w,36.wav,1773850102.283265,28.0268,1186986,1182576,28.0,0.023834,22.81,0.632
w,37.wav,1773850103.002754,28.7463,1218544,1214134,28.5,0.025635,20.00,0.738
w,38.wav,1773850103.73448,29.4780,1250733,1246323,29.3,0.027924,19.32,0.867
w,39.wav,1773850104.496907,30.2404,1284245,1279835,32.6,0.040680,22.64,0.952
w,40.wav,1773850105.273139,31.0166,1318629,1314219,29.8,0.029999,21.11,0.914
w,41.wav,1773850106.004348,31.7478,1350696,1346286,31.5,0.035156,20.74,0.906
w,42.wav,1773850106.792705,32.5362,1385516,1381106,31.5,0.035645,22.24,0.950
w,43.wav,1773850107.568035,33.3115,1419905,1415495,27.2,0.022614,18.05,0.806
w,44.wav,1773850108.277527,34.0210,1450965,1446555,31.8,0.035858,21.37,0.947
w,45.wav,1773850108.985419,34.7289,1482179,1477769,28.1,0.024872,18.75,0.896
w,46.wav,1773850109.726601,35.4701,1514998,1510588,28.0,0.023804,18.23,0.851
w,47.wav,1773850110.528927,36.2724,1550416,1546006,27.2,0.021667,22.41,0.743
w,48.wav,1773850111.305348,37.0488,1584483,1580073,30.6,0.031189,21.08,0.954
w,49.wav,1773850112.071958,37.8155,1618348,1613938,29.9,0.029541,21.11,0.921
w,50.wav,1773850112.817961,38.5615,1651331,1646921,26.7,0.020355,23.01,0.788
w,51.wav,1773850113.595408,39.3389,1685634,1681224,29.5,0.029724,22.19,0.949
w,52.wav,1773850114.34026,40.0838,1718334,1713924,29.4,0.027313,19.71,0.873
w,53.wav,1773850115.147655,40.8912,1754186,1749776,30.4,0.030762,21.52,0.937
w,54.wav,1773850115.908399,41.6519,1787608,1783198,29.2,0.027313,20.58,0.913
w,55.wav,1773850116.646662,42.3902,1819950,1815540,31.8,0.036224,22.63,0.961
w,56.wav,1773850117.391031,43.1345,1853065,1848655,27.9,0.023132,18.65,0.854
w,57.wav,1773850118.097686,43.8412,1884151,1879741,27.5,0.022644,20.92,0.750
w,58.wav,1773850118.807271,44.5508,1915423,1911013,29.7,0.029419,21.99,0.946
w,59.wav,1773850119.566655,45.3102,1948731,1944321,30.0,0.029968,19.71,0.918
w,60.wav,1773850120.345545,46.0890,1983118,1978708,29.2,0.029968,22.82,0.928
w,61.wav,1773850121.096384,46.8399,2016577,2012167,26.6,0.021118,19.80,0.870
w,62.wav,1773850121.831431,47.5749,2048789,2044379,29.9,0.028534,19.99,0.930
w,63.wav,1773850122.554222,48.2977,2080801,2076391,27.9,0.023376,19.66,0.891
w,64.wav,1773850123.277268,49.0208,2112755,2108345,27.7,0.023224,19.01,0.819
w,65.wav,1773850124.031653,49.7752,2145619,2141209,29.4,0.027344,20.27,0.932
w,66.wav,1773850124.766689,50.5102,2178491,2174081,27.5,0.022247,20.05,0.893
w,67.wav,1773850125.525622,51.2691,2211632,2207222,29.3,0.027649,20.26,0.913
w,68.wav,1773850126.330829,52.0743,2247212,2242802,30.9,0.031769,21.36,0.940
w,69.wav,1773850127.046805,52.7903,2278702,2274292,32.1,0.039673,24.02,0.965
w,70.wav,1773850127.78691,53.5304,2311347,2306937,30.7,0.033722,23.75,0.942
w,71.wav,1773850128.557715,54.3012,2345288,2340878,30.4,0.032227,21.25,0.959
w,72.wav,1773850129.31439,55.0579,2378788,2374378,29.6,0.029572,22.69,0.937
w,73.wav,1773850130.146569,55.8901,2415499,2411089,28.1,0.023682,18.54,0.911
w,74.wav,1773850130.899645,56.6431,2448792,2444382,28.6,0.025635,21.30,0.930
w,75.wav,1773850131.674628,57.4181,2482857,2478447,30.6,0.032715,22.21,0.948
w,76.wav,1773850132.44151,58.1850,2516858,2512448,27.3,0.020752,17.26,0.827
w,77.wav,1773850133.10409,58.8476,2546402,2541992,27.6,0.022552,20.73,0.820
w,78.wav,1773850133.866597,59.6101,2579672,2575262,29.1,0.026520,20.50,0.896
w,79.wav,1773850134.638619,60.3821,2613434,2609024,31.5,0.034912,22.00,0.944
w,80.wav,1773850135.400899,61.1444,2647409,2642999,28.9,0.025360,19.47,0.923
w,81.wav,1773850136.161898,61.9054,2680739,2676329,30.0,0.030762,22.24,0.914
w,82.wav,1773850136.908276,62.6518,2713756,2709346,28.0,0.024658,19.00,0.826
w,83.wav,1773850137.669905,63.4134,2747420,2743010,28.6,0.024994,20.06,0.930
w,84.wav,1773850138.50642,64.2499,2784363,2779953,26.5,0.020569,18.96,0.845
w,85.wav,1773850139.234995,64.9785,2816401,2811991,29.6,0.027649,18.89,0.846
w,86.wav,1773850139.975442,65.7189,2849247,2844837,28.3,0.023346,20.55,0.908
w,87.wav,1773850140.679379,66.4229,2879865,2875455,30.4,0.031281,20.34,0.914
w,88.wav,1773850141.415648,67.1591,2912658,2908248,26.3,0.018951,22.36,0.840
w,89.wav,1773850142.138542,67.8820,2944633,2940223,29.2,0.027618,19.61,0.901
w,90.wav,1773850142.935357,68.6789,2979533,2975123,29.2,0.027924,19.36,0.898
w,91.wav,1773850143.682257,69.4258,3012553,3008143,28.1,0.023193,19.26,0.877
w,92.wav,1773850144.467643,70.2111,3047032,3042622,30.1,0.029480,22.37,0.939
w,93.wav,1773850145.21023,70.9537,3079901,3075491,28.4,0.025604,20.31,0.884
w,94.wav,1773850145.955499,71.6990,3112771,3108361,27.6,0.022614,19.50,0.744
w,95.wav,1773850146.654991,72.3985,3143435,3139025,31.7,0.036194,21.77,0.953
w,96.wav,1773850147.374206,73.1177,3175410,3171000,29.0,0.027344,21.12,0.922
w,97.wav,1773850148.079666,73.8232,3206532,3202122,26.7,0.021118,21.20,0.842
w,98.wav,1773850148.784969,74.5285,3237693,3233283,28.0,0.024872,21.59,0.869
w,99.wav,1773850149.565447,75.3089,3271759,3267349,28.3,0.026184,21.95,0.786
x,0.wav,1773850161.324169,1.1070,4884,474,22.9,0.026703,45.55,1.000
x,1.wav,1773850162.008309,1.7911,27349,22939,36.8,0.044373,13.73,1.000
x,2.wav,1773850162.70045,2.4833,57772,53362,39.5,0.060394,15.47,1.000
x,3.wav,1773850163.412126,3.1949,89185,84775,37.4,0.050568,16.67,1.000
x,4.wav,1773850164.128938,3.9118,121012,116602,35.3,0.039459,13.99,1.000
x,5.wav,1773850164.826832,4.6096,151695,147285,36.9,0.048309,15.91,1.000
x,6.wav,1773850165.549703,5.3325,183599,179189,36.8,0.047058,17.14,1.000
x,7.wav,1773850166.247652,6.0305,214353,209943,37.8,0.051361,16.25,1.000
x,8.wav,1773850166.966034,6.7488,246087,241677,36.4,0.043915,15.01,1.000
x,9.wav,1773850167.687882,7.4707,277994,273584,34.3,0.036743,15.91,1.000
x,10.wav,1773850168.425943,8.2088,310339,305929,36.6,0.046051,16.24,1.000
x,11.wav,1773850169.14767,8.9305,342237,337827,35.1,0.039490,16.09,1.000
x,12.wav,1773850169.893048,9.6759,375226,370816,35.5,0.038666,14.62,1.000
x,13.wav,1773850170.610918,10.3937,406753,402343,34.1,0.037598,17.03,1.000
x,14.wav,1773850171.379067,11.1619,440637,436227,35.5,0.040710,14.34,1.000
x,15.wav,1773850172.132007,11.9148,474007,469597,34.6,0.037842,14.59,1.000
x,16.wav,1773850172.900115,12.6829,507880,503470,36.2,0.044006,15.82,1.000
x,17.wav,1773850173.661428,13.4442,541513,537103,32.5,0.032654,16.38,1.000
x,18.wav,1773850174.430106,14.2129,575503,571093,32.0,0.030334,15.49,1.000
x,19.wav,1773850175.162039,14.9449,607553,603143,36.6,0.044678,14.78,1.000
x,20.wav,1773850175.931495,15.7143,641490,637080,36.7,0.047058,16.22,0.915
x,21.wav,1773850176.63727,16.4201,672674,668264,35.0,0.039093,15.23,0.851
x,22.wav,1773850177.358858,17.1417,704509,700099,34.1,0.037567,16.57,0.727
x,23.wav,1773850178.104782,17.8876,737163,732753,35.1,0.040497,14.89,0.845
x,24.wav,1773850178.829857,18.6127,769467,765057,31.8,0.029419,17.69,0.753
x,25.wav,1773850179.5964,19.3792,803418,799008,31.1,0.027374,16.24,0.832
x,26.wav,1773850180.340799,20.1236,836182,831772,32.9,0.034576,15.30,0.864
x,27.wav,1773850181.107718,20.8905,869903,865493,33.1,0.034363,17.11,0.785
x,28.wav,1773850181.845412,21.6282,902400,897990,32.1,0.031525,18.08,0.772
x,29.wav,1773850182.557177,22.3400,933970,929560,29.5,0.023987,19.17,0.706
x,30.wav,1773850183.305981,23.0888,966794,962384,34.5,0.039276,15.42,0.756
x,31.wav,1773850184.077368,23.8602,1000944,996534,32.7,0.034271,21.74,0.687
x,32.wav,1773850184.85,24.6328,1034981,1030571,33.8,0.037445,17.61,0.773
x,33.wav,1773850185.583875,25.3667,1067591,1063181,29.1,0.023834,17.57,0.698
x,34.wav,1773850186.35017,26.1330,1101218,1096808,31.5,0.029877,17.16,0.730
x,35.wav,1773850187.100357,26.8832,1134276,1129866,33.6,0.033142,15.96,0.820
x,36.wav,1773850187.905979,27.6888,1169599,1165189,35.7,0.043579,15.91,0.852
x,37.wav,1773850188.63801,28.4208,1202022,1197612,33.3,0.034119,16.68,0.806
x,38.wav,1773850189.393149,29.1760,1235288,1230878,35.9,0.040680,14.19,0.804
x,39.wav,1773850190.20129,29.9841,1271111,1266701,33.1,0.031067,14.34,0.862
x,40.wav,1773850190.961251,30.7441,1304773,1300363,29.7,0.022491,16.97,0.801
x,41.wav,1773850191.725185,31.5080,1338266,1333856,31.7,0.029388,15.08,0.715
x,42.wav,1773850192.500145,32.2830,1372295,1367885,34.7,0.038910,13.47,0.843
x,43.wav,1773850193.258769,33.0416,1405926,1401516,34.4,0.035187,14.33,0.866
x,44.wav,1773850194.019026,33.8018,1439123,1434713,37.6,0.048309,14.71,0.947
x,45.wav,1773850194.806791,34.5896,1474052,1469642,33.7,0.034576,15.02,0.944
x,46.wav,1773850195.627278,35.4101,1510294,1505884,29.5,0.021149,18.99,0.711
x,47.wav,1773850196.38749,36.1703,1543666,1539256,32.8,0.029877,13.33,0.886
x,48.wav,1773850197.14504,36.9279,1577156,1572746,34.6,0.035797,14.52,0.940
x,49.wav,1773850197.916866,37.6997,1611093,1606683,33.4,0.033356,14.66,0.872
x,50.wav,1773850198.677503,38.4603,1644754,1640344,32.2,0.029877,13.18,0.851
x,51.wav,1773850199.437812,39.2206,1678042,1673632,34.0,0.037628,15.84,0.944
x,52.wav,1773850200.247031,40.0298,1714356,1709946,28.0,0.020386,14.21,0.864
x,53.wav,1773850200.998807,40.7816,1747050,1742640,34.3,0.037842,16.18,0.944
x,54.wav,1773850201.801731,41.5845,1782632,1778222,31.8,0.029236,15.45,0.926
x,55.wav,1773850202.518335,42.3012,1814021,1809611,33.6,0.035889,16.38,0.954
x,56.wav,1773850203.270138,43.0530,1847131,1842721,32.9,0.033142,15.80,0.931
x,57.wav,1773850203.918035,43.7009,1875647,1871237,36.3,0.042877,15.70,0.959
x,58.wav,1773850204.617076,44.3999,1906526,1902116,34.8,0.038239,15.48,0.946
x,59.wav,1773850205.422057,45.2049,1942149,1937739,34.5,0.037384,15.95,0.933
x,60.wav,1773850206.137851,45.9207,1973570,1969160,34.9,0.040771,16.98,0.916
x,61.wav,1773850206.849442,46.6323,2005054,2000644,33.5,0.034821,15.71,0.925
x,62.wav,1773850207.532837,47.3157,2035129,2030719,34.4,0.036743,15.89,0.907
x,63.wav,1773850208.257445,48.0403,2067137,2062727,33.7,0.034760,15.44,0.906
x,64.wav,1773850208.933854,48.7167,2097005,2092595,33.0,0.033386,15.62,0.843
x,65.wav,1773850209.633807,49.4166,2127769,2123359,34.6,0.038818,16.28,0.948
x,66.wav,1773850210.337756,50.1206,2158677,2154267,35.3,0.042023,17.03,0.943
x,67.wav,1773850211.059749,50.8426,2190550,2186140,37.0,0.049225,16.81,0.970
x,68.wav,1773850211.789831,51.5726,2222676,2218266,39.8,0.066620,16.64,0.966
x,69.wav,1773850212.515753,52.2986,2254782,2250372,33.4,0.034393,16.65,0.958
x,70.wav,1773850213.210258,52.9931,2285460,2281050,36.7,0.044525,15.74,0.958
x,71.wav,1773850213.9947,53.7775,2320027,2315617,37.3,0.050629,16.78,0.974
x,72.wav,1773850214.729459,54.5123,2352493,2348083,34.2,0.036285,16.04,0.957
x,73.wav,1773850215.482046,55.2649,2385597,2381187,36.4,0.045227,15.99,0.963
x,74.wav,1773850216.173806,55.9566,2416245,2411835,32.8,0.029083,15.55,0.926
x,75.wav,1773850216.904961,56.6878,2448331,2443921,34.9,0.040283,14.39,0.919
x,76.wav,1773850217.645247,57.4281,2481148,2476738,35.2,0.041199,14.50,0.858
x,77.wav,1773850218.399604,58.1824,2514189,2509779,36.5,0.048218,15.30,0.933
x,78.wav,1773850219.180842,58.9637,2548713,2544303,36.6,0.046112,14.25,0.815
x,79.wav,1773850220.012102,59.7949,2585601,2581191,35.0,0.040283,13.55,0.877
x,80.wav,1773850220.802763,60.5856,2620500,2616090,34.3,0.036896,13.35,0.747
x,81.wav,1773850221.589812,61.3726,2655231,2650821,30.3,0.024475,15.59,0.811
x,82.wav,1773850222.400942,62.1838,2691456,2687046,25.5,0.016907,17.64,0.679
x,83.wav,1773850223.158712,62.9415,2724136,2719726,37.6,0.051208,15.63,0.960
x,84.wav,1773850223.885745,63.6686,2756262,2751852,35.5,0.042175,14.20,0.822
x,85.wav,1773850224.667606,64.4504,2790940,2786530,33.3,0.033539,15.02,0.829
x,86.wav,1773850225.458567,65.2414,2825672,2821262,32.7,0.031769,14.93,0.845
x,87.wav,1773850226.211478,65.9943,2858902,2854492,33.4,0.034729,16.24,0.841
x,88.wav,1773850226.975735,66.7586,2892622,2888212,34.6,0.033295,14.26,0.769
x,89.wav,1773850227.747992,67.5308,2926727,2922317,34.5,0.037750,14.57,0.786
x,90.wav,1773850228.489577,68.2724,2959120,2954710,37.0,0.049713,14.73,0.885
x,91.wav,1773850229.252993,69.0358,2993247,2988837,32.7,0.029694,14.87,0.783
x,92.wav,1773850230.058506,69.8413,3028727,3024317,34.7,0.035736,16.84,0.870
x,93.wav,1773850230.855656,70.6385,3063684,3059274,36.4,0.043091,13.83,0.822
x,94.wav,1773850231.655055,71.4379,3098787,3094377,38.1,0.052856,14.88,0.885
x,95.wav,1773850232.418644,72.2015,3132790,3128380,34.2,0.034271,13.62,0.880
x,96.wav,1773850233.156478,72.9393,3165052,3160642,38.0,0.051422,14.99,0.948
x,97.wav,1773850233.949472,73.7323,3200168,3195758,34.1,0.034302,12.95,0.797
x,98.wav,1773850234.769842,74.5527,3236327,3231917,34.1,0.037933,14.59,0.833
x,99.wav,1773850235.594836,75.3777,3272531,3268121,36.2,0.043396,16.05,0.722
y,0.wav,1773850268.133568,1.7248,34250,29840,35.0,0.013489,19.38,1.000
y,1.wav,1773850268.84575,2.4370,65498,61088,36.0,0.016815,20.47,1.000
y,2.wav,1773850269.570632,3.1619,97407,92997,39.1,0.023773,21.31,1.000
y,3.wav,1773850270.271233,3.8625,128471,124061,35.4,0.015686,20.41,1.000
y,4.wav,1773850270.99606,4.5873,160309,155899,38.8,0.024384,21.48,1.000
y,5.wav,1773850271.722151,5.3134,192517,188107,34.4,0.013885,19.26,1.000
y,6.wav,1773850272.480113,6.0713,225281,220871,34.8,0.050323,19.82,1.000
y,7.wav,1773850273.224136,6.8154,258090,253680,32.0,0.033173,16.35,1.000
y,8.wav,1773850273.964478,7.5557,291449,287039,36.0,0.018097,18.31,1.000
y,9.wav,1773850274.715735,8.3070,324301,319891,40.6,0.031250,19.07,1.000
y,10.wav,1773850275.462306,9.0535,357373,352963,36.7,0.020142,16.57,1.000
y,11.wav,1773850276.204821,9.7960,390208,385798,35.1,0.016724,18.80,1.000
y,12.wav,1773850276.978204,10.5694,423864,419454,33.3,0.038696,17.25,1.000
y,13.wav,1773850277.717342,11.3086,456244,451834,34.7,0.044373,15.13,1.000
y,14.wav,1773850278.444121,12.0353,488942,484532,36.8,0.020233,16.84,1.000
y,15.wav,1773850279.199566,12.7908,522214,517804,35.8,0.019409,18.11,1.000
y,16.wav,1773850279.919002,13.5102,553687,549277,29.6,0.022858,13.62,1.000
y,17.wav,1773850280.665702,14.2569,586510,582100,31.8,0.031219,19.43,1.000
y,18.wav,1773850281.40623,14.9975,619008,614598,35.0,0.044861,15.73,1.000
y,19.wav,1773850282.200629,15.7919,654185,649775,32.8,0.037109,15.95,1.000
y,20.wav,1773850282.937938,16.5292,686482,682072,32.9,0.035828,15.08,0.928
y,21.wav,1773850283.656097,17.2473,718337,713927,32.8,0.036652,15.07,0.879
y,22.wav,1773850284.428568,18.0198,752242,747832,33.2,0.037689,16.36,0.886
y,23.wav,1773850285.158595,18.7498,784478,780068,33.1,0.037140,14.61,0.892
y,24.wav,1773850285.895836,19.4871,817153,812743,32.3,0.033356,14.74,0.886
y,25.wav,1773850286.660989,20.2522,851340,846930,36.3,0.019775,17.67,0.901
y,26.wav,1773850287.366565,20.9578,882435,878025,35.3,0.018127,15.52,0.896
y,27.wav,1773850288.086611,21.6778,914191,909781,36.6,0.021088,16.67,0.931
y,28.wav,1773850288.853741,22.4450,947339,942929,33.5,0.037964,15.94,0.894
y,29.wav,1773850289.627039,23.2183,982140,977730,34.7,0.015228,12.05,0.851
y,30.wav,1773850290.381116,23.9723,1014907,1010497,33.0,0.034515,14.78,0.859
y,31.wav,1773850291.22089,24.8121,1052014,1047604,33.4,0.037140,15.84,0.866
y,32.wav,1773850291.983548,25.5748,1086080,1081670,34.7,0.015717,14.93,0.894
y,33.wav,1773850292.663404,26.2546,1115385,1110975,34.3,0.043243,15.66,0.865
y,34.wav,1773850293.360887,26.9521,1146368,1141958,31.0,0.028625,13.12,0.875
y,35.wav,1773850294.169595,27.7608,1181756,1177346,33.8,0.040405,15.84,0.883
y,36.wav,1773850294.853833,28.4451,1211941,1207531,34.0,0.040802,15.72,0.830
y,37.wav,1773850295.579654,29.1709,1244536,1240126,36.8,0.020782,16.86,0.897
y,38.wav,1773850296.292308,29.8835,1276080,1271670,33.6,0.014404,14.56,0.899
y,39.wav,1773850297.006034,30.5973,1306989,1302579,31.4,0.029205,14.00,0.910
y,40.wav,1773850297.695277,31.2865,1337381,1332971,33.0,0.035492,14.36,0.880
y,41.wav,1773850298.420686,32.0119,1369461,1365051,30.9,0.028687,14.45,0.800
y,42.wav,1773850299.157936,32.7492,1401798,1397388,32.9,0.036224,15.48,0.877
y,43.wav,1773850299.8915,33.4827,1434330,1429920,30.3,0.027405,23.01,0.811
y,44.wav,1773850300.633702,34.2249,1467284,1462874,29.6,0.023712,13.09,0.804
y,45.wav,1773850301.396357,34.9876,1500661,1496251,32.6,0.035248,14.98,0.906
y,46.wav,1773850302.105391,35.6966,1531878,1527468,31.1,0.029663,18.24,0.847
y,47.wav,1773850302.842624,36.4338,1564281,1559871,33.8,0.040894,16.09,0.886
y,48.wav,1773850303.614423,37.2056,1598550,1594140,30.5,0.026520,13.78,0.806
y,49.wav,1773850304.36833,37.9596,1631888,1627478,28.5,0.021454,14.32,0.793
y,50.wav,1773850305.13053,38.7218,1665186,1660776,33.4,0.038605,14.94,0.768
y,51.wav,1773850305.861485,39.4527,1698027,1693617,35.6,0.017303,14.71,0.918
y,52.wav,1773850306.547379,40.1386,1727924,1723514,30.1,0.025879,21.92,0.763
y,53.wav,1773850307.261918,40.8531,1759465,1755055,29.6,0.024658,19.64,0.859
y,54.wav,1773850307.998751,41.5900,1792030,1787620,29.2,0.022888,16.05,0.809
y,55.wav,1773850308.769506,42.3607,1825685,1821275,31.2,0.028870,17.59,0.830
y,56.wav,1773850309.571635,43.1629,1861544,1857134,33.4,0.015472,9.13,0.827
y,57.wav,1773850310.306766,43.8980,1893430,1889020,31.5,0.028961,13.63,0.860
y,58.wav,1773850311.056356,44.6476,1926511,1922101,32.4,0.033539,14.97,0.901
y,59.wav,1773850311.885857,45.4771,1963178,1958768,31.6,0.030365,14.16,0.892
y,60.wav,1773850312.613557,46.2048,1995742,1991332,36.8,0.020386,15.49,0.928
y,61.wav,1773850313.361599,46.9528,2028257,2023847,31.9,0.031372,16.30,0.828
y,62.wav,1773850314.116823,47.7080,2062107,2057697,35.9,0.018341,15.48,0.915
y,63.wav,1773850314.861479,48.4527,2094332,2089922,33.8,0.040710,15.98,0.876
y,64.wav,1773850315.610024,49.2012,2127463,2123053,31.9,0.031647,14.29,0.832
y,65.wav,1773850316.320618,49.9118,2158686,2154276,33.0,0.034363,15.14,0.868
y,66.wav,1773850317.066057,50.6573,2191574,2187164,33.3,0.037140,15.05,0.897
y,67.wav,1773850317.745535,51.3368,2222161,2217751,34.5,0.015991,16.18,0.897
y,68.wav,1773850318.470845,52.0621,2254146,2249736,35.5,0.017609,16.00,0.906
y,69.wav,1773850319.20464,52.7959,2285847,2281437,34.2,0.040253,15.86,0.909
y,70.wav,1773850319.930396,53.5216,2317844,2313434,34.2,0.039368,15.76,0.907
y,71.wav,1773850320.678775,54.2700,2350892,2346482,32.6,0.033997,14.76,0.861
y,72.wav,1773850321.409334,55.0006,2383728,2379318,36.4,0.019928,17.01,0.917
y,73.wav,1773850322.168433,55.7597,2417164,2412754,37.4,0.022247,16.25,0.909
y,74.wav,1773850322.897771,56.4890,2448774,2444364,35.1,0.045837,16.01,0.902
y,75.wav,1773850323.634455,57.2257,2481251,2476841,31.2,0.029175,14.42,0.823
y,76.wav,1773850324.357891,57.9491,2513241,2508831,32.7,0.035828,15.70,0.833
y,77.wav,1773850325.095885,58.6871,2545731,2541321,34.7,0.045349,17.39,0.903
y,78.wav,1773850325.85614,59.4474,2579674,2575264,36.5,0.019623,16.02,0.891
y,79.wav,1773850326.601107,60.1923,2612030,2607620,33.0,0.035583,15.25,0.918
y,80.wav,1773850327.315836,60.9071,2644194,2639784,37.1,0.021698,15.99,0.872
y,81.wav,1773850328.024444,61.6157,2675389,2670979,37.3,0.021637,16.04,0.899
y,82.wav,1773850328.765492,62.3567,2707460,2703050,33.5,0.039734,16.13,0.880
y,83.wav,1773850329.497349,63.0886,2739728,2735318,35.6,0.050293,16.94,0.867
y,84.wav,1773850330.221799,63.8130,2771707,2767297,32.9,0.038574,13.69,0.736
y,85.wav,1773850330.942312,64.5335,2803454,2799044,33.6,0.038818,14.37,0.878
y,86.wav,1773850331.685349,65.2766,2836218,2831808,35.1,0.046021,16.31,0.925
y,87.wav,1773850332.428709,66.0199,2869021,2864611,33.5,0.038757,15.80,0.870
y,88.wav,1773850333.15186,66.7431,2901091,2896681,31.3,0.030762,15.33,0.808
y,89.wav,1773850333.858705,67.4499,2932767,2928357,34.4,0.014771,16.49,0.869
y,90.wav,1773850334.560273,68.1515,2962998,2958588,33.5,0.042358,20.72,0.850
y,91.wav,1773850335.295744,68.8870,2996124,2991714,35.1,0.016663,16.04,0.847
y,92.wav,1773850336.021333,69.6126,3028079,3023669,36.5,0.019318,17.50,0.924
y,93.wav,1773850336.745256,70.3365,3059464,3055054,33.5,0.039337,15.37,0.824
y,94.wav,1773850337.511368,71.1026,3093179,3088769,32.7,0.037201,16.93,0.891
y,95.wav,1773850338.265995,71.8572,3126497,3122087,31.3,0.030365,16.56,0.831
y,96.wav,1773850339.039052,72.6303,3160663,3156253,32.8,0.036621,16.73,0.881
y,97.wav,1773850339.811147,73.4024,3195191,3190781,36.7,0.020508,18.15,0.942
y,98.wav,1773850340.576995,74.1682,3228894,3224484,36.9,0.020538,18.15,0.937
y,99.wav,1773850341.293672,74.8849,3259970,3255560,33.5,0.039856,17.09,0.837
z,0.wav,1773850352.047283,1.0334,5840,1430,20.0,0.007782,24.30,1.000
z,1.wav,1773850352.756316,1.7424,37370,32960,38.9,0.065918,17.99,1.000
z,2.wav,1773850353.511296,2.4974,70798,66388,36.5,0.050598,17.59,1.000
z,3.wav,1773850354.216411,3.2025,102060,97650,33.6,0.035889,15.65,1.000
z,4.wav,1773850354.954166,3.9403,134631,130221,35.2,0.043976,17.17,1.000
z,5.wav,1773850355.729639,4.7158,168806,164396,35.8,0.045441,16.70,1.000
z,6.wav,1773850356.487458,5.4736,202346,197936,30.8,0.028107,16.09,1.000
z,7.wav,1773850357.225635,6.2118,234759,230349,36.8,0.050842,17.50,1.000
z,8.wav,1773850357.976203,6.9623,267872,263462,34.4,0.038544,17.51,1.000
z,9.wav,1773850358.697131,7.6832,299578,295168,35.0,0.041626,17.47,1.000
z,10.wav,1773850359.420325,8.4064,331566,327156,34.2,0.037323,16.78,1.000
z,11.wav,1773850360.138527,9.1246,363429,359019,33.0,0.032440,15.76,1.000
z,12.wav,1773850360.905007,9.8911,396845,392435,35.2,0.044861,17.86,1.000
z,13.wav,1773850361.628929,10.6150,429027,424617,33.6,0.034698,16.34,1.000
z,14.wav,1773850362.366475,11.3526,461428,457018,34.9,0.039459,17.06,1.000
z,15.wav,1773850363.085329,12.0714,493176,488766,34.8,0.040863,17.22,1.000
z,16.wav,1773850363.840455,12.8266,526477,522067,34.6,0.038025,17.31,1.000
z,17.wav,1773850364.587348,13.5735,559585,555175,33.2,0.033142,16.02,1.000
z,18.wav,1773850365.343294,14.3294,592881,588471,31.6,0.027283,14.32,1.000
z,19.wav,1773850366.098772,15.0849,626040,621630,35.7,0.044006,16.97,1.000
z,20.wav,1773850366.904522,15.8906,661616,657206,34.1,0.036377,16.12,0.925
z,21.wav,1773850367.628069,16.6142,693601,689191,32.4,0.029999,15.27,0.917
z,22.wav,1773850368.33224,17.3184,724737,720327,30.4,0.025208,16.07,0.820
z,23.wav,1773850369.100007,18.0861,758295,753885,36.2,0.045471,16.44,0.942
z,24.wav,1773850369.819563,18.8057,790185,785775,34.3,0.039124,16.15,0.869
z,25.wav,1773850370.579121,19.5652,824140,819730,30.2,0.023346,15.75,0.822
z,26.wav,1773850371.348499,20.3346,857873,853463,29.5,0.023712,15.71,0.882
z,27.wav,1773850372.087438,21.0736,890440,886030,30.8,0.026489,15.55,0.847
z,28.wav,1773850372.886223,21.8723,925530,921120,32.3,0.030457,16.26,0.914
z,29.wav,1773850373.715413,22.7015,962091,957681,31.5,0.029449,16.92,0.800
z,30.wav,1773850374.491657,23.4778,996156,991746,34.8,0.038116,15.26,0.914
z,31.wav,1773850375.233172,24.2193,1028935,1024525,34.4,0.037476,16.53,0.941
z,32.wav,1773850375.99094,24.9771,1062388,1057978,32.9,0.030518,15.19,0.863
z,33.wav,1773850376.748392,25.7345,1095750,1091340,35.3,0.039673,15.91,0.954
z,34.wav,1773850377.410164,26.3963,1124941,1120531,33.3,0.036865,15.63,0.868
z,35.wav,1773850378.10498,27.0911,1155487,1151077,35.3,0.043610,16.36,0.913
z,36.wav,1773850378.80653,27.7926,1186446,1182036,35.7,0.040405,16.51,0.944
z,37.wav,1773850379.555496,28.5416,1219456,1215046,35.2,0.041748,16.92,0.910
z,38.wav,1773850380.249475,29.2356,1250070,1245660,37.1,0.052948,20.32,0.955
z,39.wav,1773850381.018689,30.0048,1284027,1279617,33.6,0.035370,17.72,0.908
z,40.wav,1773850381.798835,30.7850,1318362,1313952,35.8,0.045471,19.64,0.921
z,41.wav,1773850382.541979,31.5281,1351328,1346918,31.3,0.028442,17.33,0.829
z,42.wav,1773850383.361482,32.3476,1387344,1382934,34.4,0.039703,18.59,0.923
z,43.wav,1773850384.038718,33.0248,1417414,1413004,33.0,0.033447,18.73,0.926
z,44.wav,1773850384.702184,33.6883,1446600,1442190,32.9,0.034332,19.68,0.930
z,45.wav,1773850385.428506,34.4146,1478539,1474129,34.8,0.040222,18.73,0.942
z,46.wav,1773850386.177972,35.1641,1511490,1507080,34.7,0.040405,17.11,0.887
z,47.wav,1773850386.901451,35.8876,1543413,1539003,37.2,0.051270,20.81,0.906
z,48.wav,1773850387.603252,36.5894,1574263,1569853,35.5,0.045715,21.27,0.963
z,49.wav,1773850388.354071,37.3402,1607531,1603121,33.7,0.034973,19.10,0.860
z,50.wav,1773850389.104422,38.0905,1640821,1636411,30.6,0.027435,20.10,0.777
z,51.wav,1773850389.818625,38.8047,1672116,1667706,33.7,0.035645,17.91,0.847
z,52.wav,1773850390.587404,39.5735,1705988,1701578,34.9,0.040375,20.28,0.928
z,53.wav,1773850391.309745,40.2959,1737865,1733455,35.2,0.042847,20.95,0.932
z,54.wav,1773850392.025143,41.0113,1769309,1764899,35.8,0.045654,20.91,0.956
z,55.wav,1773850392.732151,41.7183,1800716,1796306,32.1,0.030701,19.24,0.806
z,56.wav,1773850393.45909,42.4452,1832642,1828232,34.4,0.040161,19.77,0.927
z,57.wav,1773850394.164346,43.1505,1863767,1859357,32.6,0.033417,17.86,0.767
z,58.wav,1773850394.845073,43.8312,1893839,1889429,34.1,0.039948,19.38,0.815
z,59.wav,1773850395.557145,44.5433,1925267,1920857,34.3,0.038513,18.90,0.741
z,60.wav,1773850396.276463,45.2626,1956852,1952442,34.5,0.041290,18.48,0.749
z,61.wav,1773850396.962753,45.9489,1987152,1982742,35.5,0.044769,20.02,0.818
z,62.wav,1773850397.674321,46.6604,2018618,2014208,35.2,0.041016,18.28,0.782
z,63.wav,1773850398.442782,47.4289,2052358,2047948,35.9,0.045349,20.01,0.811
z,64.wav,1773850399.215014,48.2011,2086554,2082144,33.5,0.033600,18.40,0.822
z,65.wav,1773850399.99439,48.9805,2120936,2116526,35.3,0.040161,17.70,0.902
z,66.wav,1773850400.779343,49.7655,2155323,2150913,35.7,0.044403,16.88,0.916
z,67.wav,1773850401.523885,50.5100,2188358,2183948,33.2,0.031982,19.21,0.731
z,68.wav,1773850402.27111,51.2572,2221282,2216872,34.9,0.041168,17.46,0.895
z,69.wav,1773850403.001212,51.9873,2253516,2249106,35.7,0.045685,17.73,0.820
z,70.wav,1773850403.793986,52.7801,2288334,2283924,35.0,0.040497,18.38,0.853
z,71.wav,1773850404.558822,53.5449,2322124,2317714,35.8,0.041534,17.39,0.866
z,72.wav,1773850405.377955,54.3641,2358376,2353966,35.3,0.039795,16.51,0.887
z,73.wav,1773850406.124918,55.1110,2391265,2386855,34.1,0.037628,17.90,0.874
z,74.wav,1773850406.938381,55.9245,2427253,2422843,32.4,0.029022,16.48,0.832
z,75.wav,1773850407.72143,56.7075,2461511,2457101,35.3,0.041077,16.65,0.873
z,76.wav,1773850408.490351,57.4765,2495729,2491319,32.6,0.031311,19.55,0.629
z,77.wav,1773850409.270256,58.2564,2529969,2525559,32.2,0.029175,17.62,0.803
z,78.wav,1773850410.074516,59.0606,2565458,2561048,31.7,0.028625,17.90,0.752
z,79.wav,1773850410.871403,59.8575,2600589,2596179,32.8,0.033234,19.26,0.774
z,80.wav,1773850411.696759,60.6829,2636875,2632465,34.2,0.038574,19.70,0.652
z,81.wav,1773850412.504947,61.4911,2672591,2668181,34.2,0.036896,17.41,0.780
z,82.wav,1773850413.310032,62.2961,2707998,2703588,36.7,0.046387,20.77,0.906
z,83.wav,1773850414.111178,63.0973,2743516,2739106,31.8,0.029053,21.78,0.720
z,84.wav,1773850414.879393,63.8655,2777476,2773066,30.8,0.026031,21.69,0.604
z,85.wav,1773850415.663805,64.6499,2811920,2807510,33.4,0.033966,18.14,0.751
z,86.wav,1773850416.425236,65.4114,2845590,2841180,31.4,0.028534,16.84,0.782
z,87.wav,1773850417.22542,66.2115,2880690,2876280,34.6,0.035309,16.09,0.915
z,88.wav,1773850418.026015,67.0121,2916172,2911762,32.6,0.031799,18.14,0.823
z,89.wav,1773850418.827341,67.8135,2951403,2946993,34.8,0.039398,18.16,0.865
z,90.wav,1773850419.586967,68.5731,2985035,2980625,33.7,0.032471,15.28,0.796
z,91.wav,1773850420.339338,69.3255,3018150,3013740,33.3,0.033630,15.88,0.862
z,92.wav,1773850421.164414,70.1505,3054457,3050047,32.6,0.032379,16.56,0.855
z,93.wav,1773850421.929975,70.9161,3088195,3083785,34.9,0.039337,16.76,0.848
z,94.wav,1773850422.70387,71.6900,3122455,3118045,31.8,0.029175,15.85,0.834
z,95.wav,1773850423.478688,72.4648,3156498,3152088,33.2,0.033875,17.04,0.893
z,96.wav,1773850424.256831,73.2429,3190943,3186533,32.8,0.033539,16.38,0.839
z,97.wav,1773850425.061832,74.0479,3226336,3221926,32.7,0.033386,20.98,0.720
z,98.wav,1773850425.867898,74.8540,3261958,3257548,31.8,0.030151,19.89,0.705
z,99.wav,1773850426.711725,75.6978,3299283,3294873,33.2,0.032379,18.56,0.685
